{
    "author": "",
    "description": "",
    "keyframes": [
        {
            "duration": 1.0,
            "goals": {
                "head_pitch_joint": 18.18,
                "head_yaw_joint": 2.09,
                "l_ankle_pitch_joint": -34.740001854653165,
                "l_ankle_roll_joint": 18.2880005498911,
                "l_calf_joint": -56.19600294349438,
                "l_elbow_joint": 107.53,
                "l_hip_pitch_joint": 12.455999984619753,
                "l_hip_roll_joint": -6.588000480441032,
                "l_shoulder_pitch_joint": 120.56,
                "l_shoulder_roll_joint": 88.38,
                "l_thigh_joint": 88.16400667444373,
                "l_upper_arm_joint": 1.87,
                "r_ankle_pitch_joint": 8.712000201452351,
                "r_ankle_roll_joint": 27.39600145904245,
                "r_calf_joint": 26.316001702196278,
                "r_elbow_joint": -106.96,
                "r_hip_pitch_joint": -5.724000333454636,
                "r_hip_roll_joint": -2.9520000753166946,
                "r_shoulder_pitch_joint": -118.62,
                "r_shoulder_roll_joint": -93.28,
                "r_thigh_joint": 86.83199684288617,
                "r_upper_arm_joint": -1.55
            },
            "name": "lay down",
            "pause": 0.0,
            "torque": {}
        },
        {
            "duration": 0.5000000000000001,
            "goals": {
                "head_pitch_joint": 18.18,
                "head_yaw_joint": 2.09,
                "l_ankle_pitch_joint": -50.8,
                "l_ankle_roll_joint": 28.33,
                "l_calf_joint": -125.24,
                "l_elbow_joint": 70.52,
                "l_hip_pitch_joint": -90.18,
                "l_hip_roll_joint": -6.3,
                "l_shoulder_pitch_joint": 149.26,
                "l_shoulder_roll_joint": 42.95000000000001,
                "l_thigh_joint": 84.38,
                "l_upper_arm_joint": -43.7,
                "r_ankle_pitch_joint": 55.04,
                "r_ankle_roll_joint": 35.280003440623545,
                "r_calf_joint": 139.03,
                "r_elbow_joint": -53.53,
                "r_hip_pitch_joint": 97.81000000000002,
                "r_hip_roll_joint": -50.33,
                "r_shoulder_pitch_joint": -147.38,
                "r_shoulder_roll_joint": -27.430000000000003,
                "r_thigh_joint": 84.38,
                "r_upper_arm_joint": 52.42
            },
            "name": "legs to side and body up",
            "pause": 0.0,
            "torque": {}
        },
        {
            "duration": 0.7000000000000001,
            "goals": {
                "head_pitch_joint": 18.18,
                "head_yaw_joint": 2.09,
                "l_ankle_pitch_joint": -50.8,
                "l_ankle_roll_joint": 28.33,
                "l_calf_joint": -125.24,
                "l_elbow_joint": 2.09,
                "l_hip_pitch_joint": -90.18,
                "l_hip_roll_joint": -6.3,
                "l_shoulder_pitch_joint": 122.87000000000002,
                "l_shoulder_roll_joint": 77.15,
                "l_thigh_joint": 84.38,
                "l_upper_arm_joint": -66.35,
                "r_ankle_pitch_joint": 55.04,
                "r_ankle_roll_joint": 35.28,
                "r_calf_joint": 139.03,
                "r_elbow_joint": 6.9840003343663835,
                "r_hip_pitch_joint": 97.81000000000002,
                "r_hip_roll_joint": -50.33,
                "r_shoulder_pitch_joint": -117.90000000000002,
                "r_shoulder_roll_joint": -69.59,
                "r_thigh_joint": 84.38,
                "r_upper_arm_joint": 51.98
            },
            "name": "legs to side and body up_copy_1",
            "pause": 0.0,
            "torque": {}
        },
        {
            "duration": 0.3,
            "goals": {
                "head_pitch_joint": 18.18,
                "head_yaw_joint": 2.09,
                "l_ankle_pitch_joint": -23.33,
                "l_ankle_roll_joint": 44.75,
                "l_calf_joint": -131.26,
                "l_elbow_joint": 3.563999965988647,
                "l_hip_pitch_joint": -66.53,
                "l_hip_roll_joint": 1.44,
                "l_shoulder_pitch_joint": 144.07200786139535,
                "l_shoulder_roll_joint": 90.10800145563441,
                "l_thigh_joint": 28.3,
                "l_upper_arm_joint": -65.80800521904827,
                "r_ankle_pitch_joint": 54.79,
                "r_ankle_roll_joint": -39.56,
                "r_calf_joint": 139.18,
                "r_elbow_joint": 5.976000162882256,
                "r_hip_pitch_joint": 46.87,
                "r_hip_roll_joint": -39.28,
                "r_shoulder_pitch_joint": -142.70400293291183,
                "r_shoulder_roll_joint": -76.14000505576988,
                "r_thigh_joint": 65.52,
                "r_upper_arm_joint": 51.984002867265936
            },
            "name": "legs to side and body up_copy_2",
            "pause": 0.0,
            "torque": {}
        },
        {
            "duration": 0.5,
            "goals": {
                "head_pitch_joint": 18.18,
                "head_yaw_joint": 2.09,
                "l_ankle_pitch_joint": -37.19,
                "l_ankle_roll_joint": -44.53,
                "l_calf_joint": -113.8,
                "l_elbow_joint": -4.14,
                "l_hip_pitch_joint": -50.47,
                "l_hip_roll_joint": 26.21,
                "l_shoulder_pitch_joint": 133.88,
                "l_shoulder_roll_joint": 85.82,
                "l_thigh_joint": 71.6,
                "l_upper_arm_joint": -10.73,
                "r_ankle_pitch_joint": 51.91,
                "r_ankle_roll_joint": 49.43,
                "r_calf_joint": 138.82,
                "r_elbow_joint": 10.728000544420608,
                "r_hip_pitch_joint": 59.8,
                "r_hip_roll_joint": 10.76,
                "r_shoulder_pitch_joint": -127.40000000000002,
                "r_shoulder_roll_joint": -87.1920024536592,
                "r_thigh_joint": -68.72,
                "r_upper_arm_joint": 120.85200113637161
            },
            "name": "legs to side and body up_copy_3",
            "pause": 0.0,
            "torque": {}
        },
        {
            "duration": 0.5,
            "goals": {
                "head_pitch_joint": 18.18,
                "head_yaw_joint": 2.09,
                "l_ankle_pitch_joint": -8.93,
                "l_ankle_roll_joint": -44.86,
                "l_calf_joint": -108.07,
                "l_elbow_joint": -8.86,
                "l_hip_pitch_joint": -103.68,
                "l_hip_roll_joint": 14.650000000000002,
                "l_shoulder_pitch_joint": 116.96000000000001,
                "l_shoulder_roll_joint": 75.24,
                "l_thigh_joint": 65.45,
                "l_upper_arm_joint": -3.1300000000000003,
                "r_ankle_pitch_joint": 48.85,
                "r_ankle_roll_joint": 49.32,
                "r_calf_joint": 138.82,
                "r_elbow_joint": 19.799999526456823,
                "r_hip_pitch_joint": 98.71,
                "r_hip_roll_joint": -1.76,
                "r_shoulder_pitch_joint": -110.84,
                "r_shoulder_roll_joint": -73.44,
                "r_thigh_joint": -56.81,
                "r_upper_arm_joint": 30.85
            },
            "name": "legs to side and body up_copy_4",
            "pause": 0.0,
            "torque": {}
        },
        {
            "duration": 0.5,
            "goals": {
                "head_pitch_joint": 18.18,
                "head_yaw_joint": 2.09,
                "l_ankle_pitch_joint": -8.93,
                "l_ankle_roll_joint": -44.86,
                "l_calf_joint": -108.07,
                "l_elbow_joint": 0.3240000017590454,
                "l_hip_pitch_joint": -103.68,
                "l_hip_roll_joint": 14.650000000000002,
                "l_shoulder_pitch_joint": 98.56799670501726,