{
    "author": "",
    "description": "",
    "keyframes": [
        {
            "duration": 1.0,
            "goals": {
                "head_pitch_joint": -53.53,
                "head_yaw_joint": 10.44,
                "l_ankle_pitch_joint": -31.427998729884376,
                "l_ankle_roll_joint": -0.936000052513556,
                "l_calf_joint": -48.13200157162136,
                "l_elbow_joint": 102.82,
                "l_hip_pitch_joint": -15.984000157927378,
                "l_hip_roll_joint": 3.600000185556491,
                "l_shoulder_pitch_joint": 116.46000000000001,
                "l_shoulder_roll_joint": 75.28,
                "l_thigh_joint": -8.028000298531534,
                "l_upper_arm_joint": -3.1,
                "r_ankle_pitch_joint": 37.65600085662837,
                "r_ankle_roll_joint": 6.9840003343663835,
                "r_calf_joint": 67.03200243907123,
                "r_elbow_joint": -89.78,
                "r_hip_pitch_joint": 29.26800263128662,
                "r_hip_roll_joint": 3.203999904744315,
                "r_shoulder_pitch_joint": -97.09,
                "r_shoulder_roll_joint": -92.92000000000002,
                "r_thigh_joint": -3.0960000998144275,
                "r_upper_arm_joint": 0.54
            },
            "name": "start frame",
            "pause": 0.0,
            "torque": {}
        },
        {
            "duration": 1.0,
            "goals": {
                "head_pitch_joint": -30.77,
                "head_yaw_joint": 19.01,
                "l_ankle_pitch_joint": -25.92,
                "l_ankle_roll_joint": 0.7920000813766763,
                "l_calf_joint": -19.84,
                "l_elbow_joint": 60.84,
                "l_hip_pitch_joint": 53.06,
                "l_hip_roll_joint": -8.82,
                "l_shoulder_pitch_joint": 123.84,
                "l_shoulder_roll_joint": 91.8,
                "l_thigh_joint": 1.62,
                "l_upper_arm_joint": -6.41,
                "r_ankle_pitch_joint": 38.66400017433885,
                "r_ankle_roll_joint": 4.896000406036085,
                "r_calf_joint": 40.49999941946788,
                "r_elbow_joint": -76.28,
                "r_hip_pitch_joint": -43.66800166596529,
                "r_hip_roll_joint": -4.28400008847731,
                "r_shoulder_pitch_joint": -123.41000000000001,
                "r_shoulder_roll_joint": -88.42000000000002,
                "r_thigh_joint": -1.9440001172759782,
                "r_upper_arm_joint": -1.9399999999999997
            },
            "name": "start frame_copy_1",
            "pause": 0.0,
            "torque": {}
        },
        {
            "duration": 1.0,
            "goals": {
                "head_pitch_joint": -53.89,
                "head_yaw_joint": -4.75,
                "l_ankle_pitch_joint": -35.35200387975923,
                "l_ankle_roll_joint": 1.404000025409481,
                "l_calf_joint": 101.87999641469146,
                "l_elbow_joint": 108.11,
                "l_hip_pitch_joint": 92.44800377471327,
                "l_hip_roll_joint": -2.700000032445663,
                "l_shoulder_pitch_joint": 106.96,
                "l_shoulder_roll_joint": 94.39,
                "l_thigh_joint": -3.3480001426854593,
                "l_upper_arm_joint": -6.7,
                "r_ankle_pitch_joint": 48.636004645571184,
                "r_ankle_roll_joint": 5.68800011388679,
                "r_calf_joint": -81.86400410856403,
                "r_elbow_joint": -80.28,
                "r_hip_pitch_joint": -82.00800498683542,
                "r_hip_roll_joint": 0.6480000035180908,
                "r_shoulder_pitch_joint": -108.0,
                "r_shoulder_roll_joint": -91.94,
                "r_thigh_joint": 2.9160000691922616,
                "r_upper_arm_joint": -4.07
            },
            "name": "start frame_copy_2",
            "pause": 0.0,
            "torque": {}
        },
        {
            "duration": 1.0,
            "goals": {
                "head_pitch_joint": -55.15,
                "head_yaw_joint": 6.55,
                "l_ankle_pitch_joint": -48.85,
                "l_ankle_roll_joint": 1.19,
                "l_calf_joint": -112.97,
                "l_elbow_joint": 58.68,
                "l_hip_pitch_joint": -69.41,
                "l_hip_roll_joint": 1.3,
                "l_shoulder_pitch_joint": 30.67,
                "l_shoulder_roll_joint": 84.96,
                "l_thigh_joint": -3.42,
                "l_upper_arm_joint": 7.5600000000000005,
                "r_ankle_pitch_joint": 56.38,
                "r_ankle_roll_joint": 11.410000000000002,
                "r_calf_joint": 138.46,
                "r_elbow_joint": -61.02000000000001,
                "r_hip_pitch_joint": 90.47,
                "r_hip_roll_joint": 7.13,
                "r_shoulder_pitch_joint": -34.99,
                "r_shoulder_roll_joint": -87.23,
                "r_thigh_joint": 2.9160000691922616,
                "r_upper_arm_joint": 3.1
            },
            "name": "start frame_copy_4",
            "pause": 0.0,
            "torque": {}
        },
        {
            "duration": 0.5,
            "goals": {
                "head_pitch_joint": -55.15,
                "head_yaw_joint": 6.55,
                "l_ankle_pitch_joint": -49.42799923078001,
                "l_ankle_roll_joint": 10.332000690495255,
                "l_calf_joint": -121.14000289291437,
                "l_elbow_joint": -1.01,
                "l_hip_pitch_joint": -82.26000481626303,
                "l_hip_roll_joint": -1.188000095384588,
                "l_shoulder_pitch_joint": 19.22,
                "l_shoulder_roll_joint": 88.56,
                "l_thigh_joint": -3.528000173307625,
                "l_upper_arm_joint": -8.57,
                "r_ankle_pitch_joint": 56.879998577546964,
                "r_ankle_roll_joint": 11.952000325764512,
                "r_calf_joint": 135.25200700123946,
                "r_elbow_joint": 5.0,
                "r_hip_pitch_joint": 96.40800402151409,
                "r_hip_roll_joint": 0.936000052513556,
                "r_shoulder_pitch_joint": -28.44,
                "r_shoulder_roll_joint": -88.85,
                "r_thigh_joint": 5.832000138384523,
                "r_upper_arm_joint": 3.42
            },
            "name": "start frame_copy_5",
            "pause": 0.0,
            "torque": {}
        }
    ],
    "last_edited": "2026-05-02 19:08:41.131723",
    "name": "stand up",
    "version": ""
}