{
    "author": "",
    "description": "",
    "keyframes": [
        {
            "duration": 1.0,
            "goals": {
                "head_pitch_joint": -62.10000480167506,
                "head_yaw_joint": 23.004000284974783,
                "l_ankle_pitch_joint": 58.42800631141699,
                "l_ankle_roll_joint": 44.63999905656063,
                "l_calf_joint": -24.515999261540504,
                "l_elbow_joint": 100.83600883024418,
                "l_hip_pitch_joint": -4.068000051730711,
                "l_hip_roll_joint": 11.556000471839159,
                "l_shoulder_pitch_joint": 121.03200394175813,
                "l_shoulder_roll_joint": 90.10800145563441,
                "l_upper_arm_joint": -2.5200002152669083,
                "r_ankle_pitch_joint": 43.9920019345286,
                "r_ankle_roll_joint": 49.28399835250863,
                "r_calf_joint": 23.112000943678318,
                "r_elbow_joint": -90.86400094391728,
                "r_hip_pitch_joint": 7.1279999319772935,
                "r_hip_roll_joint": 7.596000225038336,
                "r_shoulder_pitch_joint": -117.68399547477962,
                "r_shoulder_roll_joint": -89.38800389446668,
                "r_upper_arm_joint": -0.2520000161906056
            },
            "name": "on arms_copy_3",
            "pause": 0.0,
            "torque": {}
        },
        {
            "duration": 1.0,
            "goals": {
                "head_pitch_joint": -62.21,
                "head_yaw_joint": 23.0,
                "l_ankle_pitch_joint": 46.908000936503804,
                "l_ankle_roll_joint": -1.7640000866538126,
                "l_calf_joint": -109.00800915327345,
                "l_elbow_joint": 100.84,
                "l_hip_pitch_joint": -75.2,
                "l_hip_roll_joint": -4.1,
                "l_shoulder_pitch_joint": 122.0,
                "l_shoulder_roll_joint": 90.29,
                "l_upper_arm_joint": -2.12,
                "r_ankle_pitch_joint": -45.576001350230015,
                "r_ankle_roll_joint": 21.16800103984575,
                "r_calf_joint": 117.10800562207244,
                "r_elbow_joint": -89.86,
                "r_hip_pitch_joint": 80.46000408315456,
                "r_hip_roll_joint": 11.268000422843693,
                "r_shoulder_pitch_joint": -117.0,
                "r_shoulder_roll_joint": -89.57000000000001,
                "r_upper_arm_joint": 0.4
            },
            "name": "on arms",
            "pause": 0.0,
            "torque": {}
        },
        {
            "duration": 1.0,
            "goals": {
                "head_pitch_joint": 0.0,
                "head_yaw_joint": 0.0,
                "l_ankle_pitch_joint": 9.54,
                "l_ankle_roll_joint": 7.699999999999999,
                "l_calf_joint": -125.81999999999998,
                "l_elbow_joint": 107.6040022976748,
                "l_hip_pitch_joint": -48.42,
                "l_hip_roll_joint": 1.55,
                "l_shoulder_pitch_joint": 115.55999788820242,
                "l_shoulder_roll_joint": 90.25200233390579,
                "l_upper_arm_joint": -0.39600004068833816,
                "r_ankle_pitch_joint": -2.48,
                "r_ankle_roll_joint": 10.73,
                "r_calf_joint": 136.91,
                "r_elbow_joint": -106.70400193112056,
                "r_hip_pitch_joint": 54.22,
                "r_hip_roll_joint": 3.6,
                "r_shoulder_pitch_joint": -119.41200601403617,
                "r_shoulder_roll_joint": -95.47200172784471,
                "r_upper_arm_joint": -0.7920000813766763
            },
            "name": "on arms_copy_2",
            "pause": 0.0,
            "torque": {}
        },
        {
            "duration": 1.0,
            "goals": {
                "head_pitch_joint": 0.0,
                "head_yaw_joint": 0.0,
                "l_ankle_pitch_joint": 0.2520000161906056,
                "l_ankle_roll_joint": 0.1800000039417393,
                "l_calf_joint": -108.07200685960407,
                "l_elbow_joint": 48.92,
                "l_hip_pitch_joint": -4.140000063979577,
                "l_hip_roll_joint": -3.1680003255067053,
                "l_shoulder_pitch_joint": 149.47,
                "l_shoulder_roll_joint": 94.1,
                "l_upper_arm_joint": 0.5,
                "r_ankle_pitch_joint": 13.247999692470458,
                "r_ankle_roll_joint": 4.1759998566605985,
                "r_calf_joint": 124.27199979720206,
                "r_elbow_joint": -48.96,
                "r_hip_pitch_joint": 7.631999590832534,
                "r_hip_roll_joint": -1.7640000866538126,
                "r_shoulder_pitch_joint": -149.04,
                "r_shoulder_roll_joint": -87.88,
                "r_upper_arm_joint": 0.25
            },
            "name": "on arms_copy_4",
            "pause": 0.0,
            "torque": {}
        },
        {
            "duration": 1.0,
            "goals": {
                "head_pitch_joint": 0.0,
                "head_yaw_joint": 0.0,
                "l_ankle_pitch_joint": -47.84,
                "l_ankle_roll_joint": 6.16,
                "l_calf_joint": -132.05,
                "l_elbow_joint": 33.659998682712406,
                "l_hip_pitch_joint": -1.3,
                "l_hip_roll_joint": -0.25,
                "l_shoulder_pitch_joint": 149.32801601263859,
                "l_shoulder_roll_joint": 91.6920042864304,
                "l_upper_arm_joint": -3.276000130436593,
                "r_ankle_pitch_joint": 57.96000000000001,
                "r_ankle_roll_joint": 17.32,
                "r_calf_joint": 139.54,
                "r_elbow_joint": -28.40399906920564,
                "r_hip_pitch_joint": -4.5,
                "r_hip_roll_joint": 3.2,
                "r_shoulder_pitch_joint": -149.54400025457272,
                "r_shoulder_roll_joint": -86.94000262423158,
                "r_upper_arm_joint": 0.7200000157669572
            },
            "name": "on arms_copy_1",
            "pause": 0.0,
            "torque": {}
        }
    ],
    "last_edited": "2026-05-02 17:26:29.955048",
    "name": "stand up",
    "version": ""
}