{
    "author": "Unknown", 
    "description": "Edit me!", 
    "hostname": "keks-ThinkPad-T450s", 
    "keyframes": [
        {
            "duration": 1.0, 
            "goals": {
                "HeadPan": 0, 
                "HeadTilt": 0, 
                "LAnklePitch": -25.850701706506673,
                "LAnkleRoll": 3.579863153426792,
                "LElbow": 45, 
                "LHipPitch": 27.113534608980995,
                "LHipRoll": 3.5219474542654146,
                "LHipYaw": -0.6417206866754275,
                "LKnee": -57.63156282496905,
                "LShoulderPitch": 0, 
                "LShoulderRoll": 0, 
                "RAnklePitch": 25.85125887645997,
                "RAnkleRoll": -3.5800332870267404,
                "RElbow": -45, 
                "RHipPitch": -27.11437498138635,
                "RHipRoll": -3.5219753606223687,
                "RHipYaw": 0.641732775157822,
                "RKnee": 57.63268422169942,
                "RShoulderPitch": 0, 
                "RShoulderRoll": 0
            }, 
            "name": "new frame", 
            "pause": 0.5
        }, 
        {
            "duration": 1.0, 
            "goals": {
                "HeadPan": 0, 
                "HeadTilt": 0, 
                "LAnklePitch": -25.850701706506673,
                "LAnkleRoll": 3.579863153426792,
                "LElbow": 2, 
                "LHipPitch": 27.113534608980995,
                "LHipRoll": 3.5219474542654146,
                "LHipYaw": -0.6417206866754275,
                "LKnee": -57.63156282496905,
                "LShoulderPitch": -103, 
                "LShoulderRoll": -28, 
                "RAnklePitch": 25.85125887645997,
                "RAnkleRoll": -3.5800332870267404,
                "RElbow": 4, 
                "RHipPitch": -27.11437498138635,
                "RHipRoll": -3.5219753606223687,
                "RHipYaw": 0.641732775157822,
                "RKnee": 57.63268422169942,
                "RShoulderPitch": 99, 
                "RShoulderRoll": 46
            }, 
            "name": "new framed", 
            "pause": 0.0
        }, 
        {
            "duration": 1.0, 
            "goals": {
                "HeadPan": 0, 
                "HeadTilt": 0, 
                "LAnklePitch": -25.850701706506673,
                "LAnkleRoll": 3.579863153426792,
                "LElbow": -66, 
                "LHipPitch": 27.113534608980995,
                "LHipRoll": 3.5219474542654146,
                "LHipYaw": -0.6417206866754275,
                "LKnee": -57.63156282496905,
                "LShoulderPitch": -170, 
                "LShoulderRoll": -18, 
                "RAnklePitch": 25.85125887645997,
                "RAnkleRoll": -3.5800332870267404,
                "RElbow": 73, 
                "RHipPitch": -27.11437498138635,
                "RHipRoll": -3.5219753606223687,
                "RHipYaw": 0.641732775157822,
                "RKnee": 57.63268422169942,
                "RShoulderPitch": 174, 
                "RShoulderRoll": 14
            }, 
            "name": "new framedd", 
            "pause": 0.5
        }, 
        {
            "duration": 1.0, 
            "goals": {
                "HeadPan": 0, 
                "HeadTilt": 0, 
                "LAnklePitch": -25.850701706506673,
                "LAnkleRoll": 3.579863153426792,
                "LElbow": -58, 
                "LHipPitch": 27.113534608980995,
                "LHipRoll": 3.5219474542654146,
                "LHipYaw": -0.6417206866754275,
                "LKnee": -57.63156282496905,
                "LShoulderPitch": -166, 
                "LShoulderRoll": -37, 
                "RAnklePitch": 25.85125887645997,
                "RAnkleRoll": -3.5800332870267404,
                "RElbow": 74, 
                "RHipPitch": -27.11437498138635,
                "RHipRoll": -3.5219753606223687,
                "RHipYaw": 0.641732775157822,
                "RKnee": 57.63268422169942,
                "RShoulderPitch": 175, 
                "RShoulderRoll": -8
            }, 
            "name": "new frameddd", 
            "pause": 0.5
        }, 
        {
            "duration": 1.0, 
            "goals": {
                "HeadPan": 0, 
                "HeadTilt": 0, 
                "LAnklePitch": -25.850701706506673,
                "LAnkleRoll": 3.579863153426792,
                "LElbow": -54, 
                "LHipPitch": 27.113534608980995,
                "LHipRoll": 3.5219474542654146,
                "LHipYaw": -0.6417206866754275,
                "LKnee": -57.63156282496905,
                "LShoulderPitch": -165, 
                "LShoulderRoll": 0, 
                "RAnklePitch": 25.85125887645997,
                "RAnkleRoll": -3.5800332870267404,
                "RElbow": 71, 
                "RHipPitch": -27.11437498138635,
                "RHipRoll": -3.5219753606223687,
                "RHipYaw": 0.641732775157822,
                "RKnee": 57.63268422169942,
                "RShoulderPitch": 174, 
                "RShoulderRoll": 23
            }, 
            "name": "new framedddd", 
            "pause": 0.5
        }, 
        {
            "duration": 1.0, 
            "goals": {
                "HeadPan": 0, 
                "HeadTilt": 0, 
                "LAnklePitch": -25.850701706506673,
                "LAnkleRoll": 3.579863153426792,
                "LElbow": -58, 
                "LHipPitch": 27.113534608980995,
                "LHipRoll": 3.5219474542654146,
                "LHipYaw": -0.6417206866754275,
                "LKnee": -57.63156282496905,
                "LShoulderPitch": -166, 
                "LShoulderRoll": -37, 
                "RAnklePitch": 25.85125887645997,
                "RAnkleRoll": -3.5800332870267404,
                "RElbow": 74, 
                "RHipPitch": -27.11437498138635,
                "RHipRoll": -3.5219753606223687,
                "RHipYaw": 0.641732775157822,
                "RKnee": 57.63268422169942,
                "RShoulderPitch": 175, 
                "RShoulderRoll": -8
            }, 
            "name": "new framedddd0", 
            "pause": 0.5
        }, 
        {
            "duration": 1.0, 
            "goals": {
                "HeadPan": 0, 
                "HeadTilt": 0, 
                "LAnklePitch": -25.850701706506673,
                "LAnkleRoll": 3.579863153426792,
                "LElbow": -54, 
                "LHipPitch": 27.113534608980995,
                "LHipRoll": 3.5219474542654146,
                "LHipYaw": -0.6417206866754275,
                "LKnee": -57.63156282496905,
                "LShoulderPitch": -165, 
                "LShoulderRoll": 0, 
                "RAnklePitch": 25.85125887645997,
                "RAnkleRoll": -3.5800332870267404,
                "RElbow": 71, 
                "RHipPitch": -27.11437498138635,
                "RHipRoll": -3.5219753606223687,
                "RHipYaw": 0.641732775157822,
                "RKnee": 57.63268422169942,
                "RShoulderPitch": 174, 
                "RShoulderRoll": 23
            }, 
            "name": "new frameddddd", 
            "pause": 0.5
        }, 
        {
            "duration": 1.0, 
            "goals": {
                "HeadPan": 0, 
                "HeadTilt": 0, 
                "LAnklePitch": -25.850701706506673,
                "LAnkleRoll": 3.579863153426792,
                "LElbow": -58, 
                "LHipPitch": 27.113534608980995,
                "LHipRoll": 3.5219474542654146,
                "LHipYaw": -0.6417206866754275,
                "LKnee": -57.63156282496905,
                "LShoulderPitch": -166, 
                "LShoulderRoll": -37, 
                "RAnklePitch": 25.85125887645997,
                "RAnkleRoll": -3.5800332870267404,
                "RElbow": 74, 
                "RHipPitch": -27.11437498138635,
                "RHipRoll": -3.5219753606223687,