{
    "author": "Unknown",
    "description": "Edit me!",
    "hostname": "TheArchives",
    "keyframes": [
        {
            "duration": 0.1,
            "goals": {
                "HeadPan" : 0.0,
                "HeadTilt" : 0.0,
                "LHipYaw" : -0.0001433543230624459,
                "LHipRoll" : 90,
                "LHipPitch" : 16.921277208612718,
                "LKnee" : 63.77975049759934,
                "LAnklePitch" : -31.858161403848833,
                "LAnkleRoll" : 5.844267603866625,
                "RHipYaw" : 0.00030892597992210064,
                "RHipRoll" : -90,
                "RHipPitch" : -16.84536738587815,
                "RKnee" : -63.811765865506786,
                "RAnklePitch" : 31.966018266021766,
                "RAnkleRoll" : -6.850881009954105,

                "LShoulderPitch" : -179,
                "LShoulderRoll" : 0,
                "LElbow" : -90,
                "RShoulderPitch" : 179,
                "RShoulderRoll" : 0.0,
                "RElbow" : 90
            },
            "name": "generated frame",
            "pause": 0.0
        }
    ],
    "last_edited": "2021-05-06 10:29:41.094173",
    "name": "None yet",
    "version": 0
}
