{
 "author": "walkready_script", 
 "description": "none",
 "hostname": "tams159", 
 "keyframes": [ 
 { 
 "duration": 1.0, 
 "goals": { 
 "HeadPan" : 0.0,
 "HeadTilt" : 0.0,
 "LHipYaw" : -0.0006957411352730921,
 "LHipRoll" : 2.4179578166451106,
 "LHipPitch" : 17.62366580150313,
 "LKnee" : 65.27586447607317,
 "LAnklePitch" : -32.65200910867831,
 "LAnkleRoll" : 2.6736751638781087,
 "LShoulderPitch" : 0.06994733254378464,
 "LShoulderRoll" : 0.0,
 "LElbow" : 60.0001403060998,
 "RHipYaw" : 0.00077231963918347,
 "RHipRoll" : -5.162227874600987,
 "RHipPitch" : -16.848050774485884,
 "RKnee" : -63.81746642070242,
 "RAnklePitch" : 31.9689807724419,
 "RAnkleRoll" : -6.850795653242464,
 "RShoulderPitch" : -0.07122694685067008,
 "RShoulderRoll" : 0.0,
 "RElbow" : -60.000112609897634
},
 "name": "generated frame", 
 "pause": 0.5 
 }
 ], 
 "name": "walkready", 
"version": 0 
} 
