{
    "author": "walkready_script",
    "description": "none",
    "hostname": "tams159",
    "keyframes": [
    {
    "duration": 1.0,
    "goals": {
    "HeadPan" : 0.0,
    "HeadTilt" : 0.0,
    "LHipYaw" : -0.0001433543230624459,
    "LHipRoll" : 5.844351607961048,
    "LHipPitch" : 16.921277208612718,
    "LKnee" : 63.77975049759934,
    "LAnklePitch" : -31.858161403848833,
    "LAnkleRoll" : 5.844267603866625,
    "LShoulderPitch" : 34.341900058232895,
    "LShoulderRoll" : -0.10187296337477583,
    "LElbow" : 17.4089039999328,
    "RHipYaw" : 0.00030892597992210064,
    "RHipRoll" : -5.56323110835991,
    "RHipPitch" : -16.84536738587815,
    "RKnee" : -63.811765865506786,
    "RAnklePitch" : 31.966018266021766,
    "RAnkleRoll" : -6.850881009954105,
    "RShoulderPitch" : -34.52380590822163,
    "RShoulderRoll" : 0.10154916169401929,
    "RElbow" : -17.44692966568184
   },
    "name": "generated frame",
    "pause": 0.5
    }
    ],
    "name": "walkready",
   "version": 0
   }
