{
 "author": "walkready_script", 
 "description": "none",
 "hostname": "tams159", 
 "keyframes": [ 
 { 
 "duration": 1.0, 
 "goals": { 
 "HeadPan": 0, 
 "HeadTilt": 0, 
 "LElbow": 45, 
 "LShoulderPitch": 0, 
 "LShoulderRoll": 0, 
 "RElbow": -45, 
 "RShoulderPitch": 0, 
 "RShoulderRoll": 0, "LHipYaw" : -0.6417206866754275,
 "LHipRoll" : 3.5219474542654146,
 "LHipPitch" : 27.113534608980995,
 "LKnee" : -57.63156282496905,
 "LAnklePitch" : -25.850701706506673,
 "LAnkleRoll" : 3.579863153426792,
 "RHipYaw" : 0.641732775157822,
 "RHipRoll" : -3.5219753606223687,
 "RHipPitch" : -27.11437498138635,
 "RKnee" : 57.63268422169942,
 "RAnklePitch" : 25.85125887645997,
 "RAnkleRoll" : -3.5800332870267404
},
 "name": "generated frame", 
 "pause": 1 
 }
 ], 
 "name": "walkready", 
"version": 0 
} 
