{
 "author": "walkready_script", 
 "description": "none",
 "hostname": "tams159", 
 "keyframes": [ 
 { 
 "duration": 1.0, 
 "goals": { 
 "HeadPan" : 0.0,
 "HeadTilt" : 0.0,
 "LHipYaw" : -0.00014476588128235396,
 "LHipRoll" : 5.843569825204569,
 "LHipPitch" : 16.92143666789155,
 "LKnee" : 63.7798937917002,
 "LAnklePitch" : -31.858224980601392,
 "LAnkleRoll" : 5.843636543623245,
 "LShoulderPitch" : 75.19610699563424,
 "LShoulderRoll" : -0.014232805483319011,
 "LElbow" : 40.74878803919739,
 "RHipYaw" : 0.0003078376974352199,
 "RHipRoll" : -5.563113858708809,
 "RHipPitch" : -16.845410261222316,
 "RKnee" : -63.81165044306213,
 "RAnklePitch" : 31.965930932260566,
 "RAnkleRoll" : -6.850939829407181,
 "RShoulderPitch" : -75.53247404552978,
 "RShoulderRoll" : 0.013840247919732932,
 "RElbow" : -41.02114094826023
},
 "name": "generated frame", 
 "pause": 0.5 
 }
 ], 
 "name": "walkready", 
"version": 0 
} 
