{
    "keyframes": [
        {
            "duration": 1, 
            "goals": {
                "HeadPan": 0.439453125, 
                "HeadTilt": 8.349609375, 
                "LAnklePitch": -91.494140625, 
                "LAnkleRoll": -2.109375, 
                "LElbow": -11.07421875, 
                "LElbowRoll": 0.0, 
                "LHand": 0.0, 
                "LHipPitch": -26.015625, 
                "LHipRoll": 1.40625, 
                "LHipYaw": -0.703125, 
                "LKnee": -14.4140625, 
                "LShoulderPitch": -57.392578125, 
                "LShoulderRoll": 38.49609375, 
                "RAnklePitch": 90.439453125, 
                "RAnkleRoll": 0.966796875, 
                "RElbow": 19.072265625, 
                "RElbowRoll": 0.0, 
                "RHand": 0.0, 
                "RHipPitch": 25.751953125, 
                "RHipRoll": 4.306640625, 
                "RHipYaw": -0.791015625, 
                "RKnee": 18.193359375, 
                "RShoulderPitch": 50.9765625, 
                "RShoulderRoll": -42.36328125
            }, 
            "pause": 0.0
        }, 
        {
            "duration": 1, 
            "goals": {
                "HeadPan": 0.263671875, 
                "HeadTilt": 8.349609375, 
                "LAnklePitch": -66.357421875, 
                "LAnkleRoll": 0.87890625, 
                "LElbow": 61.611328125, 
                "LElbowRoll": 0.0, 
                "LHand": 0.0, 
                "LHipPitch": -25.83984375, 
                "LHipRoll": 1.494140625, 
                "LHipYaw": 2.548828125, 
                "LKnee": 4.833984375, 
                "LShoulderPitch": -61.69921875, 
                "LShoulderRoll": 37.44140625, 
                "RAnklePitch": 64.072265625, 
                "RAnkleRoll": -2.28515625, 
                "RElbow": -69.873046875, 
                "RElbowRoll": 0.0, 
                "RHand": 0.0, 
                "RHipPitch": 25.48828125, 
                "RHipRoll": -2.28515625, 
                "RHipYaw": -2.548828125, 
                "RKnee": -1.40625, 
                "RShoulderPitch": 66.357421875, 
                "RShoulderRoll": -38.056640625
            }, 
            "pause": 0.0
        }, 
        {
            "duration": 1, 
            "goals": {
                "HeadPan": 0.17578125, 
                "HeadTilt": 7.91015625, 
                "LAnklePitch": -91.318359375, 
                "LAnkleRoll": -0.87890625, 
                "LElbow": 3.515625, 
                "LElbowRoll": 0.0, 
                "LHand": 0.0, 
                "LHipPitch": -24.609375, 
                "LHipRoll": 1.845703125, 
                "LHipYaw": 3.427734375, 
                "LKnee": -4.21875, 
                "LShoulderPitch": -85.25390625, 
                "LShoulderRoll": 38.84765625, 
                "RAnklePitch": 90.263671875, 
                "RAnkleRoll": 0.52734375, 
                "RElbow": -23.818359375, 
                "RElbowRoll": 0.0, 
                "RHand": 0.0, 
                "RHipPitch": 25.751953125, 
                "RHipRoll": 0.087890625, 
                "RHipYaw": 3.076171875, 
                "RKnee": 6.85546875, 
                "RShoulderPitch": 99.755859375, 
                "RShoulderRoll": -41.1328125
            }, 
            "pause": 0.0
        }, 
        {
            "duration": 1, 
            "goals": {
                "HeadPan": 0.17578125, 
                "HeadTilt": 7.91015625, 
                "LAnklePitch": -71.103515625, 
                "LAnkleRoll": -0.791015625, 
                "LElbow": 52.03125, 
                "LElbowRoll": 0.0, 
                "LHand": 0.0, 
                "LHipPitch": -21.26953125, 
                "LHipRoll": 1.669921875, 
                "LHipYaw": 2.724609375, 
                "LKnee": -1.7578125, 
                "LShoulderPitch": -61.259765625, 
                "LShoulderRoll": 45.52734375, 
                "RAnklePitch": 72.509765625, 
                "RAnkleRoll": -4.921875, 
                "RElbow": -53.7890625, 
                "RElbowRoll": 0.0, 
                "RHand": 0.0, 
                "RHipPitch": 19.51171875, 
                "RHipRoll": -3.1640625, 
                "RHipYaw": -0.3515625, 
                "RKnee": 9.228515625, 
                "RShoulderPitch": 69.2578125, 
                "RShoulderRoll": -40.693359375
            }, 
            "pause": 0.0
        }
    ], 
    "name": "/home/darwin/test2.json"
}