{
    "keyframes": [
        {
            "duration": 1, 
            "goals": {
                "HeadPan": 0.17578125, 
                "HeadTilt": 6.064453125, 
                "LAnklePitch": -30.673828125, 
                "LAnkleRoll": 0.615234375, 
                "LElbow": -0.439453125, 
                "LElbowRoll": 0.0, 
                "LHand": 0.0, 
                "LHipPitch": 37.265625, 
                "LHipRoll": 0.966796875, 
                "LHipYaw": 0.791015625, 
                "LKnee": -54.31640625, 
                "LShoulderPitch": -98.4375, 
                "LShoulderRoll": -52.20703125, 
                "RAnklePitch": 29.091796875, 
                "RAnkleRoll": 0.087890625, 
                "RElbow": 3.427734375, 
                "RElbowRoll": 0.0, 
                "RHand": 0.0, 
                "RHipPitch": -35.5078125, 
                "RHipRoll": -0.703125, 
                "RHipYaw": 0.3515625, 
                "RKnee": 54.228515625, 
                "RShoulderPitch": 100.283203125, 
                "RShoulderRoll": 53.4375
            }, 
            "pause": 0.0
        }, 
        {
            "duration": 1, 
            "goals": {
                "HeadPan": 0.17578125, 
                "HeadTilt": 6.064453125, 
                "LAnklePitch": -30.322265625, 
                "LAnkleRoll": -0.263671875, 
                "LElbow": 89.912109375, 
                "LElbowRoll": 0.0, 
                "LHand": 0.0, 
                "LHipPitch": 37.265625, 
                "LHipRoll": 0.615234375, 
                "LHipYaw": 0.263671875, 
                "LKnee": -54.31640625, 
                "LShoulderPitch": -9.66796875, 
                "LShoulderRoll": -51.15234375, 
                "RAnklePitch": 29.35546875, 
                "RAnkleRoll": 0.52734375, 
                "RElbow": -89.384765625, 
                "RElbowRoll": 0.0, 
                "RHand": 0.0, 
                "RHipPitch": -35.15625, 
                "RHipRoll": 0.0, 
                "RHipYaw": 0.439453125, 
                "RKnee": 54.4921875, 
                "RShoulderPitch": 16.611328125, 
                "RShoulderRoll": 48.8671875
            }, 
            "pause": 0.0
        }, 
        {
            "duration": 1.0, 
            "goals": {
                "HeadPan": 0.176, 
                "HeadTilt": 5.977, 
                "LAnklePitch": -30.498, 
                "LAnkleRoll": -0.264, 
                "LElbow": -61.523, 
                "LElbowRoll": 0.0, 
                "LHand": 0.0, 
                "LHipPitch": 37.266, 
                "LHipRoll": 0.703, 
                "LHipYaw": -0.088, 
                "LKnee": -54.316, 
                "LShoulderPitch": -2.021, 
                "LShoulderRoll": 28.477, 
                "RAnklePitch": 29.443, 
                "RAnkleRoll": 0.527, 
                "RElbow": 63.018, 
                "RElbowRoll": 0.0, 
                "RHand": 0.0, 
                "RHipPitch": -35.332, 
                "RHipRoll": 0.088, 
                "RHipYaw": -0.264, 
                "RKnee": 64.404, 
                "RShoulderPitch": -0.615, 
                "RShoulderRoll": -38.672
            }, 
            "pause": 0.0
        }, 
        {
            "duration": 1.0, 
            "goals": {
                "HeadPan": 0.0, 
                "HeadTilt": 5.273, 
                "LAnklePitch": -29.268, 
                "LAnkleRoll": -1.143, 
                "LElbow": -61.436, 
                "LElbowRoll": 0.0, 
                "LHand": 0.0, 
                "LHipPitch": 37.617, 
                "LHipRoll": 1.406, 
                "LHipYaw": -0.703, 
                "LKnee": -83.232, 
                "LShoulderPitch": -1.406, 
                "LShoulderRoll": 28.213, 
                "RAnklePitch": 30.41, 
                "RAnkleRoll": -1.143, 
                "RElbow": 62.93, 
                "RElbowRoll": 0.0, 
                "RHand": 0.0, 
                "RHipPitch": -37.529, 
                "RHipRoll": 0.264, 
                "RHipYaw": -0.703, 
                "RKnee": 88.154, 
                "RShoulderPitch": -0.703, 
                "RShoulderRoll": -38.672
            }, 
            "pause": 0.0
        }, 
        {
            "duration": 1.0, 
            "goals": {
                "HeadPan": 0.176, 
                "HeadTilt": 5.361, 
                "LAnklePitch": -26.104, 
                "LAnkleRoll": -1.143, 
                "LElbow": 85.605, 
                "LElbowRoll": 0.0, 
                "LHand": 0.0, 
                "LHipPitch": 34.893, 
                "LHipRoll": 1.143, 
                "LHipYaw": -0.791, 
                "LKnee": -85.869, 
                "LShoulderPitch": -71.104, 
                "LShoulderRoll": 44.121, 
                "RAnklePitch": 27.07, 
                "RAnkleRoll": -1.055, 
                "RElbow": -81.738, 
                "RElbowRoll": 0.0, 
                "RHand": 0.0, 
                "RHipPitch": -34.98, 
                "RHipRoll": 0.967, 
                "RHipYaw": -0.615, 
                "RKnee": 90.088, 
                "RShoulderPitch": 71.895, 
                "RShoulderRoll": -41.484
            }, 
            "pause": 0.0
        }, 
        {
            "duration": 1.0, 
            "goals": {
                "HeadPan": 0.0, 
                "HeadTilt": 5.361, 
                "LAnklePitch": -30.674, 
                "LAnkleRoll": -1.23, 
                "LElbow": 81.211, 
                "LElbowRoll": 0.0, 
                "LHand": 0.0, 
                "LHipPitch": 37.354, 
                "LHipRoll": 0.791, 
                "LHipYaw": 0.0, 
                "LKnee": -42.539, 
                "LShoulderPitch": 22.939, 
                "LShoulderRoll": 29.443, 
                "RAnklePitch": 30.674, 
                "RAnkleRoll": 0.088, 
                "RElbow": -60.996, 
                "RElbowRoll": 0.0, 
                "RHand": 0.0, 
                "RHipPitch": -36.738, 
                "RHipRoll": 0.967, 
                "RHipYaw": 0.527, 
                "RKnee": 46.055, 
                "RShoulderPitch": -30.146, 
                "RShoulderRoll": -33.398
            }, 
            "pause": 0.0
        }
    ], 
    "name": "/home/darwin/test4.json"
}