{
    "keyframes": [
        {
            "duration": 1, 
            "goals": {
                "HeadPan": 0.17578125, 
                "HeadTilt": 6.767578125, 
                "LAnklePitch": -30.322265625, 
                "LAnkleRoll": -0.87890625, 
                "LElbow": -14.326171875, 
                "LElbowRoll": 0.0, 
                "LHand": 0.0, 
                "LHipPitch": 36.826171875, 
                "LHipRoll": -0.615234375, 
                "LHipYaw": 0.439453125, 
                "LKnee": -54.228515625, 
                "LShoulderPitch": 43.9453125, 
                "LShoulderRoll": 0.703125, 
                "RAnklePitch": 27.861328125, 
                "RAnkleRoll": 0.87890625, 
                "RElbow": 14.150390625, 
                "RElbowRoll": 0.0, 
                "RHand": 0.0, 
                "RHipPitch": -35.244140625, 
                "RHipRoll": 0.087890625, 
                "RHipYaw": 0.615234375, 
                "RKnee": 54.052734375, 
                "RShoulderPitch": -43.857421875, 
                "RShoulderRoll": -0.791015625
            }, 
            "pause": 0.0
        }, 
        {
            "duration": 1, 
            "goals": {
                "HeadPan": 0.263671875, 
                "HeadTilt": 6.767578125, 
                "LAnklePitch": -72.861328125, 
                "LAnkleRoll": -2.63671875, 
                "LElbow": -14.326171875, 
                "LElbowRoll": 0.0, 
                "LHand": 0.0, 
                "LHipPitch": 56.513671875, 
                "LHipRoll": -0.791015625, 
                "LHipYaw": 1.7578125, 
                "LKnee": -132.890625, 
                "LShoulderPitch": 44.208984375, 
                "LShoulderRoll": 0.615234375, 
                "RAnklePitch": 68.37890625, 
                "RAnkleRoll": -2.548828125, 
                "RElbow": 15.205078125, 
                "RElbowRoll": 0.0, 
                "RHand": 0.0, 
                "RHipPitch": -60.029296875, 
                "RHipRoll": -1.669921875, 
                "RHipYaw": 0.3515625, 
                "RKnee": 133.857421875, 
                "RShoulderPitch": -44.12109375, 
                "RShoulderRoll": -0.615234375
            }, 
            "pause": 0.0
        }, 
        {
            "duration": 1, 
            "goals": {
                "HeadPan": 0.17578125, 
                "HeadTilt": 6.767578125, 
                "LAnklePitch": -91.40625, 
                "LAnkleRoll": -2.109375, 
                "LElbow": 26.455078125, 
                "LElbowRoll": 0.0, 
                "LHand": 0.0, 
                "LHipPitch": 101.6015625, 
                "LHipRoll": -4.21875, 
                "LHipYaw": 2.548828125, 
                "LKnee": -133.505859375, 
                "LShoulderPitch": -65.478515625, 
                "LShoulderRoll": 50.361328125, 
                "RAnklePitch": 88.857421875, 
                "RAnkleRoll": -0.263671875, 
                "RElbow": -17.75390625, 
                "RElbowRoll": 0.0, 
                "RHand": 0.0, 
                "RHipPitch": -103.359375, 
                "RHipRoll": -5.361328125, 
                "RHipYaw": 2.4609375, 
                "RKnee": 135.263671875, 
                "RShoulderPitch": 60.29296875, 
                "RShoulderRoll": -49.482421875
            }, 
            "pause": 0.0
        }, 
        {
            "duration": 1.0, 
            "goals": {
                "HeadPan": 0.264, 
                "HeadTilt": 6.592, 
                "LAnklePitch": -1.846, 
                "LAnkleRoll": -0.264, 
                "LElbow": 24.434, 
                "LElbowRoll": 0.0, 
                "LHand": 0.0, 
                "LHipPitch": 12.305, 
                "LHipRoll": 1.23, 
                "LHipYaw": 1.23, 
                "LKnee": -14.414, 
                "LShoulderPitch": -122.168, 
                "LShoulderRoll": 51.592, 
                "RAnklePitch": -7.91, 
                "RAnkleRoll": -1.055, 
                "RElbow": -16.436, 
                "RElbowRoll": 0.0, 
                "RHand": 0.0, 
                "RHipPitch": -5.625, 
                "RHipRoll": -1.23, 
                "RHipYaw": 3.516, 
                "RKnee": 2.725, 
                "RShoulderPitch": 117.949, 
                "RShoulderRoll": -50.625
            }, 
            "pause": 0.0
        }, 
        {
            "duration": 1.0, 
            "goals": {
                "HeadPan": 0.264, 
                "HeadTilt": 6.68, 
                "LAnklePitch": -1.67, 
                "LAnkleRoll": -2.021, 
                "LElbow": 18.721, 
                "LElbowRoll": 0.0, 
                "LHand": 0.0, 
                "LHipPitch": 11.777, 
                "LHipRoll": -0.615, 
                "LHipYaw": 1.67, 
                "LKnee": -14.062, 
                "LShoulderPitch": -21.27, 
                "LShoulderRoll": 41.924, 
                "RAnklePitch": -7.734, 
                "RAnkleRoll": 0.703, 
                "RElbow": 4.307, 
                "RElbowRoll": 0.0, 
                "RHand": 0.0, 
                "RHipPitch": -5.361, 
                "RHipRoll": 0.879, 
                "RHipYaw": 3.34, 
                "RKnee": 2.461, 
                "RShoulderPitch": 6.064, 
                "RShoulderRoll": -39.287
            }, 
            "pause": 0.0
        }
    ], 
    "name": "/home/darwin/test3.json"
}