{
    "keyframes": [
        {
            "duration": 1, 
            "goals": {
                "HeadPan": 0.439453125, 
                "HeadTilt": 9.404296875, 
                "LAnklePitch": -30.498046875, 
                "LAnkleRoll": -0.791015625, 
                "LElbow": 26.103515625, 
                "LElbowRoll": 0.0, 
                "LHand": 0.0, 
                "LHipPitch": 37.177734375, 
                "LHipRoll": 0.087890625, 
                "LHipYaw": 0.263671875, 
                "LKnee": -53.7890625, 
                "LShoulderPitch": -92.548828125, 
                "LShoulderRoll": -62.490234375, 
                "RAnklePitch": 28.916015625, 
                "RAnkleRoll": 0.791015625, 
                "RElbow": -29.35546875, 
                "RElbowRoll": 0.0, 
                "RHand": 0.0, 
                "RHipPitch": -36.03515625, 
                "RHipRoll": 0.439453125, 
                "RHipYaw": 0.52734375, 
                "RKnee": 54.31640625, 
                "RShoulderPitch": 120.234375, 
                "RShoulderRoll": 30.05859375
            }, 
            "pause": 0.0
        }, 
        {
            "duration": 1, 
            "goals": {
                "HeadPan": 0.263671875, 
                "HeadTilt": 8.876953125, 
                "LAnklePitch": -89.47265625, 
                "LAnkleRoll": 4.21875, 
                "LElbow": 46.318359375, 
                "LElbowRoll": 0.0, 
                "LHand": 0.0, 
                "LHipPitch": 87.71484375, 
                "LHipRoll": 0.615234375, 
                "LHipYaw": 11.953125, 
                "LKnee": -128.671875, 
                "LShoulderPitch": -57.392578125, 
                "LShoulderRoll": 47.28515625, 
                "RAnklePitch": 90.52734375, 
                "RAnkleRoll": 1.40625, 
                "RElbow": -12.919921875, 
                "RElbowRoll": 0.0, 
                "RHand": 0.0, 
                "RHipPitch": -87.890625, 
                "RHipRoll": -5.625, 
                "RHipYaw": 10.72265625, 
                "RKnee": 133.06640625, 
                "RShoulderPitch": 36.826171875, 
                "RShoulderRoll": -29.8828125
            }, 
            "pause": 0.0
        }, 
        {
            "duration": 1, 
            "goals": {
                "HeadPan": 0.263671875, 
                "HeadTilt": 8.876953125, 
                "LAnklePitch": -89.560546875, 
                "LAnkleRoll": 4.21875, 
                "LElbow": 40.25390625, 
                "LElbowRoll": 0.0, 
                "LHand": 0.0, 
                "LHipPitch": 87.802734375, 
                "LHipRoll": 0.3515625, 
                "LHipYaw": 12.3046875, 
                "LKnee": -128.49609375, 
                "LShoulderPitch": -53.876953125, 
                "LShoulderRoll": 48.33984375, 
                "RAnklePitch": 90.615234375, 
                "RAnkleRoll": 1.494140625, 
                "RElbow": -22.32421875, 
                "RElbowRoll": 0.0, 
                "RHand": 0.0, 
                "RHipPitch": -88.330078125, 
                "RHipRoll": -5.712890625, 
                "RHipYaw": 10.810546875, 
                "RKnee": 133.154296875, 
                "RShoulderPitch": 45.17578125, 
                "RShoulderRoll": -39.638671875
            }, 
            "pause": 0.0
        }, 
        {
            "duration": 1, 
            "goals": {
                "HeadPan": 0.263671875, 
                "HeadTilt": 8.7890625, 
                "LAnklePitch": -89.560546875, 
                "LAnkleRoll": 4.21875, 
                "LElbow": 32.080078125, 
                "LElbowRoll": 0.0, 
                "LHand": 0.0, 
                "LHipPitch": 88.06640625, 
                "LHipRoll": 0.3515625, 
                "LHipYaw": 12.216796875, 
                "LKnee": -128.583984375, 
                "LShoulderPitch": -48.515625, 
                "LShoulderRoll": 48.33984375, 
                "RAnklePitch": 90.703125, 
                "RAnkleRoll": 1.494140625, 
                "RElbow": -17.314453125, 
                "RElbowRoll": 0.0, 
                "RHand": 0.0, 
                "RHipPitch": -88.505859375, 
                "RHipRoll": -5.712890625, 
                "RHipYaw": 10.283203125, 
                "RKnee": 133.154296875, 
                "RShoulderPitch": 41.484375, 
                "RShoulderRoll": -46.40625
            }, 
            "pause": 0.0
        }, 
        {
            "duration": 1, 
            "goals": {
                "HeadPan": 0.439453125, 
                "HeadTilt": 8.7890625, 
                "LAnklePitch": -25.576171875, 
                "LAnkleRoll": 3.603515625, 
                "LElbow": 32.958984375, 
                "LElbowRoll": 0.0, 
                "LHand": 0.0, 
                "LHipPitch": 30.05859375, 
                "LHipRoll": 11.689453125, 
                "LHipYaw": 0.263671875, 
                "LKnee": -37.001953125, 
                "LShoulderPitch": -46.845703125, 
                "LShoulderRoll": 47.28515625, 
                "RAnklePitch": 32.16796875, 
                "RAnkleRoll": 0.087890625, 
                "RElbow": -17.75390625, 
                "RElbowRoll": 0.0, 
                "RHand": 0.0, 
                "RHipPitch": -34.541015625, 
                "RHipRoll": 5.009765625, 
                "RHipYaw": 2.8125, 
                "RKnee": 53.0859375, 
                "RShoulderPitch": 39.7265625, 
                "RShoulderRoll": -45.52734375
            }, 
            "pause": 0.0
        }, 
        {
            "duration": 1, 
            "goals": {
                "HeadPan": 0.439453125, 
                "HeadTilt": 8.7890625, 
                "LAnklePitch": -25.48828125, 
                "LAnkleRoll": 3.69140625, 
                "LElbow": 32.6953125, 
                "LElbowRoll": 0.0, 
                "LHand": 0.0, 
                "LHipPitch": 30.05859375, 
                "LHipRoll": 11.865234375, 
                "LHipYaw": 0.3515625, 
                "LKnee": -38.408203125, 
                "LShoulderPitch": -41.923828125, 
                "LShoulderRoll": 46.93359375, 
                "RAnklePitch": 31.9921875, 
                "RAnkleRoll": 0.3515625, 
                "RElbow": -17.75390625, 
                "RElbowRoll": 0.0, 
                "RHand": 0.0, 
                "RHipPitch": -34.189453125, 
                "RHipRoll": 5.537109375, 
                "RHipYaw": 2.28515625, 
                "RKnee": 53.349609375, 
                "RShoulderPitch": 12.3046875, 
                "RShoulderRoll": -45.17578125
            }, 
            "pause": 0.0
        }
    ], 
    "name": "/home/darwin/test1.json"
}