{
    "keyframes": [
        {
            "duration": 1,
            "goals": {
                "HeadPan": 51.328125,
                "HeadTilt": -25.0,
                "LAnklePitch": -27.333984375,
                "LAnkleRoll": 1.494140625,
                "LElbow": -29.00390625,
                "LHipPitch": 35.244140625,
                "LHipRoll": 1.0546875,
                "LHipYaw": -0.87890625,
                "LKnee": -56.25,
                "LShoulderPitch": 39.90234375,
                "LShoulderRoll": 17.490234375,
                "RAnklePitch": 1.318359375,
                "RAnkleRoll": 3.955078125,
                "RElbow": 24.873046875,
                "RHipPitch": -46.494140625,
                "RHipRoll": -0.615234375,
                "RHipYaw": 41.396484375,
                "RKnee": 40.869140625,
                "RShoulderPitch": 9.140625,
                "RShoulderRoll": -17.666015625
            },
            "pause": 0.0
        },
        {
            "duration": 1,
            "goals": {
                "HeadPan": 50.712890625,
                "HeadTilt": -25.0,
                "LAnklePitch": -28.212890625,
                "LAnkleRoll": 7.470703125,
                "LElbow": -28.740234375,
                "LHipPitch": 28.212890625,
                "LHipRoll": 5.44921875,
                "LHipYaw": -1.40625,
                "LKnee": -53.96484375,
                "LShoulderPitch": 38.14453125,
                "LShoulderRoll": 17.490234375,
                "RAnklePitch": 0.263671875,
                "RAnkleRoll": 3.427734375,
                "RElbow": 23.291015625,
                "RHipPitch": -46.23046875,
                "RHipRoll": 0.87890625,
                "RHipYaw": 39.814453125,
                "RKnee": 41.044921875,
                "RShoulderPitch": 8.0859375,
                "RShoulderRoll": -17.666015625
            },
            "pause": 0.0
        },
        {
            "duration": 1,
            "goals": {
                "HeadPan": 50.44921875,
                "HeadTilt": -25.0,
                "LAnklePitch": -31.201171875,
                "LAnkleRoll": 16.611328125,
                "LElbow": -28.564453125,
                "LHipPitch": 28.4765625,
                "LHipRoll": 7.998046875,
                "LHipYaw": 0.0,
                "LKnee": -56.42578125,
                "LShoulderPitch": 37.265625,
                "LShoulderRoll": 17.578125,
                "RAnklePitch": 0.439453125,
                "RAnkleRoll": 3.603515625,
                "RElbow": 22.1484375,
                "RHipPitch": -45.087890625,
                "RHipRoll": -0.703125,
                "RHipYaw": 38.14453125,
                "RKnee": 41.1328125,
                "RShoulderPitch": 7.20703125,
                "RShoulderRoll": -17.666015625
            },
            "pause": 0.0
        },
        {
            "duration": 1,
            "goals": {
                "HeadPan": 49.658203125,
                "HeadTilt": -25.0,
                "LAnklePitch": -29.53125,
                "LAnkleRoll": 20.7421875,
                "LElbow": -15.380859375,
                "LHipPitch": 29.53125,
                "LHipRoll": 8.7890625,
                "LHipYaw": -0.17578125,
                "LKnee": -56.162109375,
                "LShoulderPitch": -112.5,
                "LShoulderRoll": -50.625,
                "RAnklePitch": -10.283203125,
                "RAnkleRoll": 11.25,
                "RElbow": -65.7421875,
                "RHipPitch": -98.61328125,
                "RHipRoll": 9.140625,
                "RHipYaw": 40.166015625,
                "RKnee": 100.986328125,
                "RShoulderPitch": 45.17578125,
                "RShoulderRoll": 34.98046875
            },
            "pause": 1.0
        },
        {
            "duration": 1,
            "goals": {
                "HeadPan": 49.306640625,
                "HeadTilt": -25.0,
                "LAnklePitch": -30.41015625,
                "LAnkleRoll": 21.4453125,
                "LElbow": -15.64453125,
                "LHipPitch": 29.443359375,
                "LHipRoll": 11.77734375,
                "LHipYaw": 0.703125,
                "LKnee": -60.1171875,
                "LShoulderPitch": -111.4453125,
                "LShoulderRoll": -49.921875,
                "RAnklePitch": 31.46484375,
                "RAnkleRoll": 34.365234375,
                "RElbow": -65.7421875,
                "RHipPitch": -34.62890625,
                "RHipRoll": 19.599609375,
                "RHipYaw": -0.703125,
                "RKnee": 61.171875,
                "RShoulderPitch": 44.12109375,
                "RShoulderRoll": 32.783203125
            },
            "pause": 0.0
        },
        {
            "duration": 1,
            "goals": {
                "HeadPan": 48.8671875,
                "HeadTilt": -25.0,
                "LAnklePitch": -35.947265625,
                "LAnkleRoll": 18.369140625,
                "LElbow": -15.64453125,
                "LHipPitch": 29.1796875,
                "LHipRoll": 14.501953125,
                "LHipYaw": 0.615234375,
                "LKnee": -63.369140625,
                "LShoulderPitch": -111.26953125,
                "LShoulderRoll": -49.833984375,
                "RAnklePitch": 33.662109375,
                "RAnkleRoll": 17.666015625,
                "RElbow": -65.7421875,
                "RHipPitch": -34.716796875,
                "RHipRoll": 18.10546875,
                "RHipYaw": 0.0,
                "RKnee": 62.138671875,
                "RShoulderPitch": 43.154296875,
                "RShoulderRoll": 31.025390625
            },
            "pause": 0.0
        }
    ],
    "name": "brucelee",
    "discription": "Lässt den Roboter Karatemäßige Posen ausführen",
    "hands": "ignore"
}
