{
    "keyframes": [
        {
            "duration": 1,
            "goals": {
                "HeadPan": 24.345703125,
                "HeadTilt": -70.0,
                "LAnklePitch": 4.21875,
                "LAnkleRoll": 4.5703125,
                "LElbow": 78.486328125,
                "LHipPitch": 19.775390625,
                "LHipRoll": -0.263671875,
                "LHipYaw": 11.25,
                "LKnee": -13.623046875,
                "LShoulderPitch": -4.5703125,
                "LShoulderRoll": 28.564453125,
                "RAnklePitch": -0.791015625,
                "RAnkleRoll": 0.87890625,
                "RElbow": -80.068359375,
                "RHipPitch": -14.23828125,
                "RHipRoll": 0.791015625,
                "RHipYaw": 4.482421875,
                "RKnee": 7.119140625,
                "RShoulderPitch": 164.970703125,
                "RShoulderRoll": -26.3671875
            },
            "pause": 0.0
        }
    ],
    "name": "Freddy",
    "discription": "Freddy Mercury mäßig den Arm nach oben strecken",
    "hands": "no"
}
