{
    "default_interpolator": "CatmullRomInterpolator",
    "name": "gruss2",
    "discription": "Gruesst Fancy und winkt",
    "keyframes": [
        {
            "duration": 2.0,
            "pause": 0.0,
            "goals": {
                "LShoulderPitch": 19.51171875,
                "LShoulderRoll": 30.9375,
                "RShoulderRoll": -17.40234375,
                "HeadTilt": -5.0,
                "LKnee": -0.087890625,
                "RHipYaw": -14.765625,
                "LAnklePitch": -4.482421875,
                "RKnee": -0.087890625,
                "RAnkleRoll": -0.087890625,
                "RAnklePitch": -1.58203125,
                "LHipPitch": -0.087890625,
                "LHipYaw": -14.765625,
                "LHipRoll": -0.087890625,
                "RHipRoll": -0.087890625,
                "LAnkleRoll": -0.087890625,
                "LElbow": 19.775390625,
                "RElbow": -29.35546875,
                "RHipPitch": -5.9765625,
                "HeadPan": -23.5546875,
                "RShoulderPitch": 119.70703125
            }
        },
        {
            "duration": 0.4,
            "pause": 0.0,
            "goals": {
                "LShoulderPitch": 19.51171875,
                "LShoulderRoll": 30.9375,
                "RShoulderRoll": -46.669921875,
                "HeadTilt": -5.0,
                "LKnee": -0.087890625,
                "RHipYaw": -14.765625,
                "LAnklePitch": -4.482421875,
                "RKnee": -0.087890625,
                "RAnkleRoll": -0.087890625,
                "RAnklePitch": -1.58203125,
                "LHipPitch": -0.087890625,
                "LHipYaw": -14.765625,
                "LHipRoll": -0.087890625,
                "RHipRoll": -0.087890625,
                "LAnkleRoll": -0.087890625,
                "LElbow": 19.775390625,
                "RElbow": -45.17578125,
                "RHipPitch": -5.9765625,
                "HeadPan": -23.5546875,
                "RShoulderPitch": 119.70703125
            }
        },
        {
            "duration": 0.4,
            "pause": 0.0,
            "goals": {
                "LShoulderPitch": 19.51171875,
                "LShoulderRoll": 30.9375,
                "RShoulderRoll": -17.40234375,
                "HeadTilt": -5.0,
                "LKnee": -0.087890625,
                "RHipYaw": -14.765625,
                "LAnklePitch": -4.482421875,
                "RKnee": -0.087890625,
                "RAnkleRoll": -0.087890625,
                "RAnklePitch": -1.58203125,
                "LHipPitch": -0.087890625,
                "LHipYaw": -14.765625,
                "LHipRoll": -0.087890625,
                "RHipRoll": -0.087890625,
                "LAnkleRoll": -0.087890625,
                "LElbow": 19.775390625,
                "RElbow": -29.35546875,
                "RHipPitch": -5.9765625,
                "HeadPan": -23.5546875,
                "RShoulderPitch": 119.70703125
            }
        },
        {
            "duration": 0.4,
            "pause": 0.0,
            "goals": {
                "LShoulderPitch": 19.51171875,
                "LShoulderRoll": 30.9375,
                "RShoulderRoll": -46.669921875,
                "HeadTilt": -5.0,
                "LKnee": -0.087890625,
                "RHipYaw": -14.765625,
                "LAnklePitch": -4.482421875,
                "RKnee": -0.087890625,
                "RAnkleRoll": -0.087890625,
                "RAnklePitch": -1.58203125,
                "LHipPitch": -0.087890625,
                "LHipYaw": -14.765625,
                "LHipRoll": -0.087890625,
                "RHipRoll": -0.087890625,
                "LAnkleRoll": -0.087890625,
                "LElbow": 19.775390625,
                "RElbow": -45.17578125,
                "RHipPitch": -5.9765625,
                "HeadPan": -23.5546875,
                "RShoulderPitch": 119.70703125
            }
        },
        {
            "duration": 0.4,
            "pause": 0.0,
            "goals": {
                "LShoulderPitch": 19.51171875,
                "LShoulderRoll": 30.9375,
                "RShoulderRoll": -17.40234375,
                "HeadTilt": -5.0,
                "LKnee": -0.087890625,
                "RHipYaw": -14.765625,
                "LAnklePitch": -4.482421875,
                "RKnee": -0.087890625,
                "RAnkleRoll": -0.087890625,
                "RAnklePitch": -1.58203125,
                "LHipPitch": -0.087890625,
                "LHipYaw": -14.765625,
                "LHipRoll": -0.087890625,
                "RHipRoll": -0.087890625,
                "LAnkleRoll": -0.087890625,
                "LElbow": 19.775390625,
                "RElbow": -29.35546875,
                "RHipPitch": -5.9765625,
                "HeadPan": -23.5546875,
                "RShoulderPitch": 119.70703125
            }
        },
        {
            "duration": 1.0,
            "pause": 0.0,
            "goals": {
                "LShoulderPitch": 19.51171875,
                "LShoulderRoll": 30.9375,
                "RShoulderRoll": -46.669921875,
                "HeadTilt": -5.0,
                "LKnee": -0.087890625,
                "RHipYaw": 14.501953125,
                "LAnklePitch": 1.318359375,
                "RKnee": -0.087890625,
                "RAnkleRoll": -0.087890625,
                "RAnklePitch": 4.306640625,
                "LHipPitch": 5.712890625,
                "LHipYaw": 14.501953125,
                "LHipRoll": -0.087890625,
                "RHipRoll": -0.087890625,
                "LAnkleRoll": -0.087890625,
                "LElbow": 19.775390625,
                "RElbow": -29.35546875,
                "RHipPitch": -0.087890625,
                "HeadPan": 23.291015625,
                "RShoulderPitch": 119.70703125
            }
        },
        {
            "duration": 0.4,
            "pause": 0.0,
            "goals": {
                "LShoulderPitch": 19.51171875,
                "LShoulderRoll": 30.9375,
                "RShoulderRoll": -75.9375,
                "HeadTilt": -5.0,
                "LKnee": -0.087890625,
                "RHipYaw": 14.501953125,
                "LAnklePitch": 1.318359375,
                "RKnee": -0.087890625,
                "RAnkleRoll": -0.087890625,
                "RAnklePitch": 4.306640625,
                "LHipPitch": 5.712890625,
                "LHipYaw": 14.501953125,
                "LHipRoll": -0.087890625,
                "RHipRoll": -0.087890625,
                "LAnkleRoll": -0.087890625,
                "LElbow": 19.775390625,
                "RElbow": -43.76953125,
                "RHipPitch": -0.087890625,
                "HeadPan": 23.291015625,
                "RShoulderPitch": 119.70703125
            }
        },
        {
            "duration": 0.4,
            "pause": 0.0,
            "goals": {
                "LShoulderPitch": 19.51171875,
                "LShoulderRoll": 30.9375,
                "RShoulderRoll": -46.669921875,
                "HeadTilt": -5.0,
                "LKnee": -0.087890625,
                "RHipYaw": 14.501953125,
                "LAnklePitch": 1.318359375,
                "RKnee": -0.087890625,
                "RAnkleRoll": -0.087890625,
                "RAnklePitch": 4.306640625,
                "LHipPitch": 5.712890625,
                "LHipYaw": 14.501953125,
                "LHipRoll": -0.087890625,
                "RHipRoll": -0.087890625,
                "LAnkleRoll": -0.087890625,
                "LElbow": 19.775390625,
                "RElbow": -29.35546875,
                "RHipPitch": -0.087890625,
                "HeadPan": 23.291015625,
                "RShoulderPitch": 119.70703125
            }
        },
        {
            "duration": 0.4,
            "pause": 0.0,
            "goals": {
                "LShoulderPitch": 19.51171875,
                "LShoulderRoll": 30.9375,
                "RShoulderRoll": -75.9375,