{
    "keyframes": [
        {
            "duration": 1,
            "goals": {
                "HeadPan": 9.4921875,
                "HeadTilt": -50.0,
                "RElbow": -73.740234375,
                "RElbowRoll": 1.318359375,
                "RHand": 0.3515625,
                "RShoulderPitch": 67.236328125,
                "RShoulderRoll": -39.7265625
            },
            "pause": 0.0
        },
        {
            "duration": 1,
            "goals": {
                "HeadPan": 9.404296875,
                "HeadTilt": -50.0,
                "RElbow": -73.65234375,
                "RElbowRoll": 1.494140625,
                "RHand": -75.322265625,
                "RShoulderPitch": 64.6875,
                "RShoulderRoll": -39.55078125
            },
            "pause": 0.0
        },
        {
            "duration": 1,
            "goals": {
                "HeadPan": -27.685546875,
                "HeadTilt": -5.0,
                "RElbow": -73.65234375,
                "RElbowRoll": 1.494140625,
                "RHand": -74.619140625,
                "RShoulderPitch": 64.6875,
                "RShoulderRoll": -39.638671875
            },
            "pause": 0.0
        }
    ],
    "name": "/home/darwin/hold_present.json"
}
