{
    "keyframes": [
        {
            "duration": 1, 
            "goals": {
                "HeadPan": -0.322265625, 
                "HeadTilt": 10.673828125, 
                "LAnklePitch": 29.35546875, 
                "LAnkleRoll": 0.263671875, 
                "LElbow": -7.119140625, 
                "LElbowRoll": 0.0, 
                "LHand": 0.0, 
                "LHipPitch": 7.03125, 
                "LHipRoll": -1.142578125, 
                "LHipYaw": 0.791015625, 
                "LKnee": -14.853515625, 
                "LShoulderPitch": 51.85546875, 
                "LShoulderRoll": 25.576171875, 
                "RAnklePitch": 11.865234375, 
                "RAnkleRoll": 7.470703125, 
                "RElbow": 5.712890625, 
                "RElbowRoll": 0.0, 
                "RHand": 0.0, 
                "RHipPitch": 24.78515625, 
                "RHipRoll": -7.294921875, 
                "RHipYaw": -5.888671875, 
                "RKnee": 92.28515625, 
                "RShoulderPitch": -51.6796875, 
                "RShoulderRoll": -26.71875
            }, 
            "pause": 0.0
        }
    ], 
    "name": "/home/darwin/jogram2.json"
}