{
    "keyframes": [
        {
            "duration": 1,
            "goals": {
                "HeadPan": -20.478515625,
                "HeadTilt": -55.0,
                "LAnklePitch": -82.265625,
                "LAnkleRoll": -0.263671875,
                "LElbow": 3.515625,
                "LHipPitch": 46.40625,
                "LHipRoll": -2.021484375,
                "LHipYaw": -6.85546875,
                "LKnee": -128.49609375,
                "LShoulderPitch": -0.52734375,
                "LShoulderRoll": 32.607421875,
                "RAnklePitch": 83.3203125,
                "RAnkleRoll": -4.658203125,
                "RElbow": -13.7109375,
                "RHipPitch": -48.8671875,
                "RHipRoll": -4.658203125,
                "RHipYaw": 5.712890625,
                "RKnee": 127.6171875,
                "RShoulderPitch": 3.251953125,
                "RShoulderRoll": -39.19921875
            },
            "pause": 0.0
        },
        {
            "duration": 1,
            "goals": {
                "HeadPan": -20.478515625,
                "HeadTilt": -55.0,
                "LAnklePitch": -81.38671875,
                "LAnkleRoll": -0.17578125,
                "LElbow": 39.19921875,
                "LHipPitch": 46.318359375,
                "LHipRoll": -1.669921875,
                "LHipYaw": -5.625,
                "LKnee": -128.408203125,
                "LShoulderPitch": -17.40234375,
                "LShoulderRoll": 37.44140625,
                "RAnklePitch": 83.056640625,
                "RAnkleRoll": -4.921875,
                "RElbow": -67.67578125,
                "RHipPitch": -48.427734375,
                "RHipRoll": -4.5703125,
                "RHipYaw": 5.185546875,
                "RKnee": 127.6171875,
                "RShoulderPitch": 30.146484375,
                "RShoulderRoll": -45.791015625
            },
            "pause": 0.0
        },
        {
            "duration": 1,
            "goals": {
                "HeadPan": -20.478515625,
                "HeadTilt": -55.0,
                "LAnklePitch": -81.650390625,
                "LAnkleRoll": 0.263671875,
                "LElbow": 38.759765625,
                "LHipPitch": 46.58203125,
                "LHipRoll": -1.669921875,
                "LHipYaw": -6.6796875,
                "LKnee": -128.408203125,
                "LShoulderPitch": -12.12890625,
                "LShoulderRoll": 41.66015625,
                "RAnklePitch": 81.826171875,
                "RAnkleRoll": -4.5703125,
                "RElbow": -68.994140625,
                "RHipPitch": -50.2734375,
                "RHipRoll": -4.658203125,
                "RHipYaw": 5.185546875,
                "RKnee": 127.79296875,
                "RShoulderPitch": 27.7734375,
                "RShoulderRoll": -46.40625
            },
            "pause": 0.0
        },
        {
            "duration": 1,
            "goals": {
                "HeadPan": -20.56640625,
                "HeadTilt": -55.0,
                "LAnklePitch": -37.705078125,
                "LAnkleRoll": 3.076171875,
                "LElbow": 6.6796875,
                "LHipPitch": 29.794921875,
                "LHipRoll": 4.21875,
                "LHipYaw": -3.515625,
                "LKnee": -77.34375,
                "LShoulderPitch": -52.119140625,
                "LShoulderRoll": 54.931640625,
                "RAnklePitch": 36.5625,
                "RAnkleRoll": 0.791015625,
                "RElbow": 6.15234375,
                "RHipPitch": -33.75,
                "RHipRoll": 4.306640625,
                "RHipYaw": -4.39453125,
                "RKnee": 79.27734375,
                "RShoulderPitch": 48.1640625,
                "RShoulderRoll": -44.6484375
            },
            "pause": 0.0
        },
        {
            "duration": 1,
            "goals": {
                "HeadPan": -19.423828125,
                "HeadTilt": -55.0,
                "LAnklePitch": -37.880859375,
                "LAnkleRoll": 2.373046875,
                "LElbow": 57.3046875,
                "LHipPitch": 31.376953125,
                "LHipRoll": 3.251953125,
                "LHipYaw": -3.8671875,
                "LKnee": -75.05859375,
                "LShoulderPitch": -70.83984375,
                "LShoulderRoll": 46.318359375,
                "RAnklePitch": 36.474609375,
                "RAnkleRoll": 0.3515625,
                "RElbow": -52.119140625,
                "RHipPitch": -33.75,
                "RHipRoll": 2.900390625,
                "RHipYaw": -3.515625,
                "RKnee": 77.783203125,
                "RShoulderPitch": 67.1484375,
                "RShoulderRoll": -45.263671875
            },
            "pause": 2.0
        },
        {
            "duration": 1,
            "goals": {
                "HeadPan": -19.51171875,
                "HeadTilt": -55.0,
                "LAnklePitch": -28.125,
                "LAnkleRoll": -0.3515625,
                "LElbow": -28.125,
                "LHipPitch": 37.177734375,
                "LHipRoll": 0.087890625,
                "LHipYaw": -0.52734375,
                "LKnee": -52.646484375,
                "LShoulderPitch": 40.078125,
                "LShoulderRoll": 17.666015625,
                "RAnklePitch": 29.443359375,
                "RAnkleRoll": -0.3515625,
                "RElbow": 28.125,
                "RHipPitch": -36.826171875,
                "RHipRoll": -0.703125,
                "RHipYaw": -0.52734375,
                "RKnee": 52.03125,
                "RShoulderPitch": -46.93359375,
                "RShoulderRoll": -17.75390625
            },
            "pause": 0.0
        }
    ],
    "name": "/home/darwin/tasse.json"
}
