{
    "keyframes": [
        {
            "duration": 1, 
            "goals": {
                "HeadPan": 0.439453125, 
                "HeadTilt": 9.31640625, 
                "LAnklePitch": -70.13671875, 
                "LAnkleRoll": -2.724609375, 
                "LElbow": -8.876953125, 
                "LElbowRoll": 0.0, 
                "LHand": 0.0, 
                "LHipPitch": 52.55859375, 
                "LHipRoll": -3.427734375, 
                "LHipYaw": -6.50390625, 
                "LKnee": -129.19921875, 
                "LShoulderPitch": 46.845703125, 
                "LShoulderRoll": 25.6640625, 
                "RAnklePitch": 66.884765625, 
                "RAnkleRoll": -3.603515625, 
                "RElbow": 7.294921875, 
                "RElbowRoll": 0.0, 
                "RHand": 0.0, 
                "RHipPitch": -59.853515625, 
                "RHipRoll": -3.779296875, 
                "RHipYaw": -6.6796875, 
                "RKnee": 129.638671875, 
                "RShoulderPitch": -49.04296875, 
                "RShoulderRoll": -27.0703125
            }, 
            "pause": 0.0
        }, 
        {
            "duration": 1, 
            "goals": {
                "HeadPan": 0.439453125, 
                "HeadTilt": 9.31640625, 
                "LAnklePitch": -70.048828125, 
                "LAnkleRoll": -2.63671875, 
                "LElbow": -8.876953125, 
                "LElbowRoll": 0.0, 
                "LHand": 0.0, 
                "LHipPitch": 52.3828125, 
                "LHipRoll": -3.515625, 
                "LHipYaw": -6.591796875, 
                "LKnee": -129.19921875, 
                "LShoulderPitch": 47.548828125, 
                "LShoulderRoll": 25.6640625, 
                "RAnklePitch": 66.708984375, 
                "RAnkleRoll": -3.427734375, 
                "RElbow": 7.3828125, 
                "RElbowRoll": 0.0, 
                "RHand": 0.0, 
                "RHipPitch": -59.853515625, 
                "RHipRoll": -3.779296875, 
                "RHipYaw": -6.6796875, 
                "RKnee": 129.55078125, 
                "RShoulderPitch": -48.8671875, 
                "RShoulderRoll": -27.0703125
            }, 
            "pause": 0.0
        }, 
        {
            "duration": 1, 
            "goals": {
                "HeadPan": 0.52734375, 
                "HeadTilt": 9.404296875, 
                "LAnklePitch": -56.25, 
                "LAnkleRoll": 1.318359375, 
                "LElbow": -69.345703125, 
                "LElbowRoll": 0.0, 
                "LHand": 0.0, 
                "LHipPitch": 39.462890625, 
                "LHipRoll": 4.658203125, 
                "LHipYaw": 7.55859375, 
                "LKnee": -116.279296875, 
                "LShoulderPitch": 63.45703125, 
                "LShoulderRoll": 33.57421875, 
                "RAnklePitch": 64.51171875, 
                "RAnkleRoll": -2.724609375, 
                "RElbow": 69.2578125, 
                "RElbowRoll": 0.0, 
                "RHand": 0.0, 
                "RHipPitch": -34.013671875, 
                "RHipRoll": 0.3515625, 
                "RHipYaw": 4.39453125, 
                "RKnee": 116.982421875, 
                "RShoulderPitch": -72.421875, 
                "RShoulderRoll": -24.873046875
            }, 
            "pause": 0.0
        }, 
        {
            "duration": 1, 
            "goals": {
                "HeadPan": 0.52734375, 
                "HeadTilt": 9.404296875, 
                "LAnklePitch": -20.21484375, 
                "LAnkleRoll": -2.98828125, 
                "LElbow": -70.576171875, 
                "LElbowRoll": 0.0, 
                "LHand": 0.0, 
                "LHipPitch": 52.55859375, 
                "LHipRoll": -0.439453125, 
                "LHipYaw": -0.263671875, 
                "LKnee": -107.578125, 
                "LShoulderPitch": 64.248046875, 
                "LShoulderRoll": 32.958984375, 
                "RAnklePitch": 19.16015625, 
                "RAnkleRoll": -6.85546875, 
                "RElbow": 71.103515625, 
                "RElbowRoll": 0.0, 
                "RHand": 0.0, 
                "RHipPitch": -55.810546875, 
                "RHipRoll": -3.33984375, 
                "RHipYaw": -0.791015625, 
                "RKnee": 109.951171875, 
                "RShoulderPitch": -75.41015625, 
                "RShoulderRoll": -23.466796875
            }, 
            "pause": 0.0
        }, 
        {
            "duration": 1, 
            "goals": {
                "HeadPan": 0.52734375, 
                "HeadTilt": 9.4921875, 
                "LAnklePitch": 75.322265625, 
                "LAnkleRoll": -2.28515625, 
                "LElbow": -70.6640625, 
                "LElbowRoll": 0.0, 
                "LHand": 0.0, 
                "LHipPitch": 41.220703125, 
                "LHipRoll": -0.966796875, 
                "LHipYaw": 2.021484375, 
                "LKnee": 4.833984375, 
                "LShoulderPitch": 39.19921875, 
                "LShoulderRoll": -10.72265625, 
                "RAnklePitch": -72.333984375, 
                "RAnkleRoll": 1.669921875, 
                "RElbow": 72.24609375, 
                "RElbowRoll": 0.0, 
                "RHand": 0.0, 
                "RHipPitch": -43.505859375, 
                "RHipRoll": 2.8125, 
                "RHipYaw": -3.427734375, 
                "RKnee": -1.142578125, 
                "RShoulderPitch": -57.48046875, 
                "RShoulderRoll": 10.986328125
            }, 
            "pause": 0.0
        }, 
        {
            "duration": 1, 
            "goals": {
                "HeadPan": 0.439453125, 
                "HeadTilt": 9.4921875, 
                "LAnklePitch": 75.234375, 
                "LAnkleRoll": -2.28515625, 
                "LElbow": -70.6640625, 
                "LElbowRoll": 0.0, 
                "LHand": 0.0, 
                "LHipPitch": 40.95703125, 
                "LHipRoll": -0.966796875, 
                "LHipYaw": 1.93359375, 
                "LKnee": 4.921875, 
                "LShoulderPitch": 39.111328125, 
                "LShoulderRoll": -10.810546875, 
                "RAnklePitch": -72.24609375, 
                "RAnkleRoll": 1.58203125, 
                "RElbow": 71.89453125, 
                "RElbowRoll": 0.0, 
                "RHand": 0.0, 
                "RHipPitch": -43.330078125, 
                "RHipRoll": 2.8125, 
                "RHipYaw": -3.33984375, 
                "RKnee": -1.142578125, 
                "RShoulderPitch": -57.48046875, 
                "RShoulderRoll": 11.07421875
            }, 
            "pause": 0.0
        }, 
        {
            "duration": 1, 
            "goals": {
                "HeadPan": 0.087890625, 
                "HeadTilt": 9.404296875, 
                "LAnklePitch": 75.41015625, 
                "LAnkleRoll": -2.373046875, 
                "LElbow": -80.595703125, 
                "LElbowRoll": 0.0, 
                "LHand": 0.0, 
                "LHipPitch": 92.4609375, 
                "LHipRoll": -1.58203125, 
                "LHipYaw": 1.669921875, 
                "LKnee": 4.04296875, 
                "LShoulderPitch": 0.439453125, 
                "LShoulderRoll": -10.1953125, 
                "RAnklePitch": -72.333984375, 
                "RAnkleRoll": 0.263671875, 
                "RElbow": 90.791015625, 
                "RElbowRoll": 0.0, 
                "RHand": 0.0, 
                "RHipPitch": -94.74609375, 
                "RHipRoll": 1.23046875, 
                "RHipYaw": 1.142578125, 
                "RKnee": -1.669921875, 
                "RShoulderPitch": -30.05859375, 
                "RShoulderRoll": 10.01953125
            }, 
            "pause": 0.0
        }, 
        {
            "duration": 1, 
            "goals": {
                "HeadPan": -0.615234375, 
                "HeadTilt": -18.10546875, 
                "LAnklePitch": 15.1171875,