{
    "author": "Unknown", 
    "description": "Edit me!", 
    "hostname": "wheatley", 
    "keyframes": [
        {
            "duration": 1, 
            "goals": {
                "HeadPan": -21.533203125, 
                "HeadTilt": -9.052734375, 
                "LAnklePitch": -7.3828125, 
                "LAnkleRoll": 0.0, 
                "LElbow": -61.69921875, 
                "LElbowRoll": 0.0, 
                "LHand": 0.0, 
                "LHipPitch": 46.93359375, 
                "LHipRoll": 0.703125, 
                "LHipYaw": 0.087890625, 
                "LKnee": -33.92578125, 
                "LShoulderPitch": -114.43359375, 
                "LShoulderRoll": -26.54296875, 
                "LShoulderYaw": 0.0, 
                "RAnklePitch": 7.470703125, 
                "RAnkleRoll": -0.439453125, 
                "RElbow": 49.130859375, 
                "RElbowRoll": 0.0, 
                "RHand": 0.0, 
                "RHipPitch": -44.6484375, 
                "RHipRoll": 0.52734375, 
                "RHipYaw": -0.439453125, 
                "RKnee": 37.001953125, 
                "RShoulderPitch": -65.390625, 
                "RShoulderRoll": 37.44140625, 
                "RShoulderYaw": 0.0
            }, 
            "pause": 0.0
        }
    ], 
    "last_edited": "2014-11-20 19:48:31.704599", 
    "name": "wm_pose_left_arm_up", 
    "version": 1
}
