{
    "author": "Timon & Jessica", 
    "description": "F\u00fcr Darwin mit H\u00e4nden. Macht zoidberg-\u00e4hnliche bewegungen.", 
    "hostname": "atlas", 
    "keyframes": [
        {
            "duration": 1.0, 
            "goals": {
                "HeadPan": -6.064, 
                "HeadTilt": -39.99, 
                "LAnklePitch": -136.0, 
                "LAnkleRoll": 0.0, 
                "LElbow": 80.859, 
                "LElbowRoll": 15.82, 
                "LHand": 15.732, 
                "LHipPitch": -3.0, 
                "LHipRoll": -3.0, 
                "LHipYaw": -0.088, 
                "LKnee": -128.0, 
                "LShoulderPitch": 1.23, 
                "LShoulderRoll": 33.223, 
                "RAnklePitch": 136.0, 
                "RAnkleRoll": 0.0, 
                "RElbow": -94.658, 
                "RElbowRoll": -1.758, 
                "RHand": -2.021, 
                "RHipPitch": 3.0, 
                "RHipRoll": -3.0, 
                "RHipYaw": 2.988, 
                "RKnee": 128.0, 
                "RShoulderPitch": -19.424, 
                "RShoulderRoll": -39.199
            }, 
            "pause": 0.0
        }, 
        {
            "duration": 1.0, 
            "goals": {
                "HeadPan": 1.845703125, 
                "HeadTilt": -7.822265625, 
                "LAnklePitch": -136.0546875, 
                "LAnkleRoll": 0.17578125, 
                "LElbow": -85.166015625, 
                "LElbowRoll": 2.548828125, 
                "LHand": -44.12109375, 
                "LHipPitch": -3.33984375, 
                "LHipRoll": -2.109375, 
                "LHipYaw": 0.0, 
                "LKnee": -128.056640625, 
                "LShoulderPitch": -24.43359375, 
                "LShoulderRoll": 41.220703125, 
                "RAnklePitch": 135.966796875, 
                "RAnkleRoll": -0.087890625, 
                "RElbow": 77.607421875, 
                "RElbowRoll": 4.74609375, 
                "RHand": 15.908203125, 
                "RHipPitch": 2.373046875, 
                "RHipRoll": -2.900390625, 
                "RHipYaw": 0.87890625, 
                "RKnee": 127.001953125, 
                "RShoulderPitch": 23.291015625, 
                "RShoulderRoll": -40.25390625
            }, 
            "pause": 0.0
        }, 
        {
            "duration": 1.0, 
            "goals": {
                "HeadPan": 0.0, 
                "HeadTilt": -7.03125, 
                "LAnklePitch": -136.0546875, 
                "LAnkleRoll": 0.17578125, 
                "LElbow": -85.166015625, 
                "LElbowRoll": 1.23046875, 
                "LHand": -44.033203125, 
                "LHipPitch": -11.42578125, 
                "LHipRoll": -3.515625, 
                "LHipYaw": 84.19921875, 
                "LKnee": -129.111328125, 
                "LShoulderPitch": -24.169921875, 
                "LShoulderRoll": 39.990234375, 
                "RAnklePitch": 137.28515625, 
                "RAnkleRoll": 0.087890625, 
                "RElbow": 75.9375, 
                "RElbowRoll": 2.900390625, 
                "RHand": 13.974609375, 
                "RHipPitch": 9.931640625, 
                "RHipRoll": 6.064453125, 
                "RHipYaw": -97.470703125, 
                "RKnee": 127.001953125, 
                "RShoulderPitch": 21.62109375, 
                "RShoulderRoll": -39.19921875
            }, 
            "pause": 0.0
        }, 
        {
            "duration": 1.0, 
            "goals": {
                "HeadPan": 0.0, 
                "HeadTilt": -7.03125, 
                "LAnklePitch": -136.0546875, 
                "LAnkleRoll": 0.087890625, 
                "LElbow": -89.208984375, 
                "LElbowRoll": 4.74609375, 
                "LHand": 18.984375, 
                "LHipPitch": -11.162109375, 
                "LHipRoll": -1.142578125, 
                "LHipYaw": 81.03515625, 
                "LKnee": -129.0234375, 
                "LShoulderPitch": -18.28125, 
                "LShoulderRoll": -73.037109375, 
                "RAnklePitch": 136.142578125, 
                "RAnkleRoll": -0.087890625, 
                "RElbow": 83.84765625, 
                "RElbowRoll": 0.0, 
                "RHand": -13.0078125, 
                "RHipPitch": 8.7890625, 
                "RHipRoll": 3.955078125, 
                "RHipYaw": -97.119140625, 
                "RKnee": 125.068359375, 
                "RShoulderPitch": 0.791015625, 
                "RShoulderRoll": 68.994140625
            }, 
            "pause": 0.0
        }, 
        {
            "duration": 0.3, 
            "goals": {
                "HeadPan": 0.0, 
                "HeadTilt": -7.031, 
                "LAnklePitch": -136.055, 
                "LAnkleRoll": 0.0, 
                "LElbow": -89.209, 
                "LElbowRoll": 3.955, 
                "LHand": 12.305, 
                "LHipPitch": -11.162, 
                "LHipRoll": -1.055, 
                "LHipYaw": 81.035, 
                "LKnee": -129.111, 
                "LShoulderPitch": -18.018, 
                "LShoulderRoll": -72.773, 
                "RAnklePitch": 136.055, 
                "RAnkleRoll": 0.088, 
                "RElbow": 82.881, 
                "RElbowRoll": -0.176, 
                "RHand": 81.123, 
                "RHipPitch": 8.877, 
                "RHipRoll": 2.9, 
                "RHipYaw": -96.855, 
                "RKnee": 124.98, 
                "RShoulderPitch": 0.0, 
                "RShoulderRoll": 67.5
            }, 
            "pause": 0.0
        }, 
        {
            "duration": 0.3, 
            "goals": {
                "HeadPan": 0.0, 
                "HeadTilt": -7.031, 
                "LAnklePitch": -136.055, 
                "LAnkleRoll": 0.0, 
                "LElbow": -89.121, 
                "LElbowRoll": 2.988, 
                "LHand": -67.236, 
                "LHipPitch": -11.25, 
                "LHipRoll": -1.143, 
                "LHipYaw": 80.068, 
                "LKnee": -128.057, 
                "LShoulderPitch": -18.018, 
                "LShoulderRoll": -71.982, 
                "RAnklePitch": 136.494, 
                "RAnkleRoll": 0.0, 
                "RElbow": 81.738, 
                "RElbowRoll": 0.0, 
                "RHand": -10.898, 
                "RHipPitch": 9.404, 
                "RHipRoll": 1.934, 
                "RHipYaw": -96.943, 
                "RKnee": 124.893, 
                "RShoulderPitch": 0.0, 
                "RShoulderRoll": 66.885
            }, 
            "pause": 0.0
        }, 
        {
            "duration": 0.3, 
            "goals": {
                "HeadPan": 0.0, 
                "HeadTilt": -7.031, 
                "LAnklePitch": -136.055, 
                "LAnkleRoll": 0.0, 
                "LElbow": -89.209, 
                "LElbowRoll": 3.955, 
                "LHand": 12.305, 
                "LHipPitch": -11.162, 
                "LHipRoll": -1.055, 
                "LHipYaw": 81.035, 
                "LKnee": -129.111, 
                "LShoulderPitch": -18.018, 
                "LShoulderRoll": -72.773, 
                "RAnklePitch": 136.055, 
                "RAnkleRoll": 0.088, 
                "RElbow": 82.881, 
                "RElbowRoll": -0.176, 
                "RHand": 81.123, 
                "RHipPitch": 8.877, 
                "RHipRoll": 2.9, 
                "RHipYaw": -96.855, 
                "RKnee": 124.98, 
                "RShoulderPitch": 0.0, 
                "RShoulderRoll": 67.5
            }, 
            "pause": 0.0
        }, 
        {
            "duration": 0.3, 
            "goals": {
                "HeadPan": 0.0, 
                "HeadTilt": -7.031, 
                "LAnklePitch": -136.055, 
                "LAnkleRoll": 0.0, 
                "LElbow": -89.121, 
                "LElbowRoll": 2.988, 
                "LHand": -67.236,