{
  "author": "Unknown",
  "description": "Cheers with the arms up.",
  "keyframes": [
    {
      "duration": 1.0,
      "goals": {
        "HeadPan": 0,
        "HeadTilt": 0,
        "LAnklePitch": -25.850701706506673,
        "LAnkleRoll": 3.579863153426792,
        "LElbow": 2,
        "LHipPitch": 27.113534608980995,
        "LHipRoll": 3.5219474542654146,
        "LHipYaw": -0.6417206866754275,
        "LKnee": 57.63156282496905,
        "LShoulderPitch": -103,
        "LShoulderRoll": -28,
        "RAnklePitch": 25.85125887645997,
        "RAnkleRoll": -3.5800332870267404,
        "RElbow": 4,
        "RHipPitch": -27.11437498138635,
        "RHipRoll": -3.5219753606223687,
        "RHipYaw": 0.641732775157822,
        "RKnee": -57.63268422169942,
        "RShoulderPitch": 99,
        "RShoulderRoll": 46
      },
      "name": "new framed",
      "pause": 0.5
    },
    {
      "duration": 1.0,
      "goals": {
        "HeadPan": 0,
        "HeadTilt": 0,
        "LAnklePitch": -25.850701706506673,
        "LAnkleRoll": 3.579863153426792,
        "LElbow": -66,
        "LHipPitch": 27.113534608980995,
        "LHipRoll": 3.5219474542654146,
        "LHipYaw": -0.6417206866754275,
        "LKnee": 57.63156282496905,
        "LShoulderPitch": -170,
        "LShoulderRoll": -18,
        "RAnklePitch": 25.85125887645997,
        "RAnkleRoll": -3.5800332870267404,
        "RElbow": 73,
        "RHipPitch": -27.11437498138635,
        "RHipRoll": -3.5219753606223687,
        "RHipYaw": 0.641732775157822,
        "RKnee": -57.63268422169942,
        "RShoulderPitch": 174,
        "RShoulderRoll": 14
      },
      "name": "new framedd",
      "pause": 0.5
    },
    {
      "duration": 1.0,
      "goals": {
        "HeadPan": 0,
        "HeadTilt": 0,
        "LAnklePitch": -25.850701706506673,
        "LAnkleRoll": 3.579863153426792,
        "LElbow": -58,
        "LHipPitch": 27.113534608980995,
        "LHipRoll": 3.5219474542654146,
        "LHipYaw": -0.6417206866754275,
        "LKnee": 57.63156282496905,
        "LShoulderPitch": -166,
        "LShoulderRoll": -37,
        "RAnklePitch": 25.85125887645997,
        "RAnkleRoll": -3.5800332870267404,
        "RElbow": 74,
        "RHipPitch": -27.11437498138635,
        "RHipRoll": -3.5219753606223687,
        "RHipYaw": 0.641732775157822,
        "RKnee": -57.63268422169942,
        "RShoulderPitch": 175,
        "RShoulderRoll": 0
      },
      "name": "new frameddd",
      "pause": 0.5
    },
    {
      "duration": 0.5,
      "goals": {
        "HeadPan": 0,
        "HeadTilt": 0,
        "LAnklePitch": -25.850701706506673,
        "LAnkleRoll": 3.579863153426792,
        "LElbow": -54,
        "LHipPitch": 27.113534608980995,
        "LHipRoll": 3.5219474542654146,
        "LHipYaw": -0.6417206866754275,
        "LKnee": 57.63156282496905,
        "LShoulderPitch": -165,
        "LShoulderRoll": 0,
        "RAnklePitch": 25.85125887645997,
        "RAnkleRoll": -3.5800332870267404,
        "RElbow": 71,
        "RHipPitch": -27.11437498138635,
        "RHipRoll": -3.5219753606223687,
        "RHipYaw": 0.641732775157822,
        "RKnee": -57.63268422169942,
        "RShoulderPitch": 174,
        "RShoulderRoll": 23
      },
      "name": "new framedddd",
      "pause": 0.5
    },
    {
      "duration": 0.5,
      "goals": {
        "HeadPan": 0,
        "HeadTilt": 0,
        "LAnklePitch": -25.850701706506673,
        "LAnkleRoll": 3.579863153426792,
        "LElbow": -54,
        "LHipPitch": 27.113534608980995,
        "LHipRoll": 3.5219474542654146,
        "LHipYaw": -0.6417206866754275,
        "LKnee": 57.63156282496905,
        "LShoulderPitch": -165,
        "LShoulderRoll": 0,
        "RAnklePitch": 25.85125887645997,
        "RAnkleRoll": -3.5800332870267404,
        "RElbow": 71,
        "RHipPitch": -27.11437498138635,
        "RHipRoll": -3.5219753606223687,
        "RHipYaw": 0.641732775157822,
        "RKnee": -57.63268422169942,
        "RShoulderPitch": 174,
        "RShoulderRoll": 23
      },
      "name": "new framedddddd",
      "pause": 0.5
    },
    {
      "duration": 1.0,
      "goals": {
        "HeadPan": 0.0,
        "HeadTilt": 0.0,
        "LHipYaw": -0.00014488551936841167,
        "LHipRoll": 5.843569741199503,
        "LHipPitch": 16.921439726925605,
        "LKnee": 63.779899882296974,
        "LAnklePitch": -31.85822805341032,
        "LAnkleRoll": 5.843636389466469,
        "LShoulderPitch": 75.27910266806222,
        "LShoulderRoll": -0.020062925889149368,
        "LElbow": 35.86471433552932,
        "RHipYaw": 0.000308978186241276,
        "RHipRoll": -5.563113355828915,
        "RHipPitch": -16.845416637922956,
        "RKnee": -63.811661089644105,
        "RAnklePitch": 31.965934474853857,
        "RAnkleRoll": -6.850938895767449,
        "RShoulderPitch": -75.58926547530199,
        "RShoulderRoll": 0.019571467194590405,
        "RElbow": -36.10375237446914
      },
      "name": "walkready",
      "pause": 0.5
    }
  ],
  "last_edited": "2018-06-20 18:05:13.810759",
  "name": "cheering",
  "version": "0"
}
