{
    "author": "Unknown",
    "description": "Cheers with the arms up.",
    "keyframes": [
        {
            "duration": 1.0,
            "goals": {
                "HeadPan": 0.0,
                "HeadTilt": 0.0,
                "LAnklePitch": -25.850701706506673,
                "LAnkleRoll": 3.579863153426792,
                "LElbow": 2.0,
                "LHipPitch": 27.113534608980995,
                "LHipRoll": 3.5219474542654146,
                "LHipYaw": -0.6417206866754275,
                "LKnee": 57.63156282496905,
                "LShoulderPitch": -103.0,
                "LShoulderRoll": -28.0,
                "RAnklePitch": 25.85125887645997,
                "RAnkleRoll": -3.5800332870267404,
                "RElbow": 4.0,
                "RHipPitch": -27.11437498138635,
                "RHipRoll": -3.5219753606223687,
                "RHipYaw": 0.641732775157822,
                "RKnee": -57.63268422169942,
                "RShoulderPitch": 99.0,
                "RShoulderRoll": 46.0
            },
            "name": "new framed",
            "pause": 0.5
        },
        {
            "duration": 1.0,
            "goals": {
                "HeadPan": 0.0,
                "HeadTilt": 0.0,
                "LAnklePitch": -25.850701706506673,
                "LAnkleRoll": 3.579863153426792,
                "LElbow": -66.0,
                "LHipPitch": 27.113534608980995,
                "LHipRoll": 3.5219474542654146,
                "LHipYaw": -0.6417206866754275,
                "LKnee": 57.63156282496905,
                "LShoulderPitch": -170.0,
                "LShoulderRoll": -18.0,
                "RAnklePitch": 25.85125887645997,
                "RAnkleRoll": -3.5800332870267404,
                "RElbow": 73.0,
                "RHipPitch": -27.11437498138635,
                "RHipRoll": -3.5219753606223687,
                "RHipYaw": 0.641732775157822,
                "RKnee": -57.63268422169942,
                "RShoulderPitch": 174.0,
                "RShoulderRoll": 14.0
            },
            "name": "new framedd",
            "pause": 0.5
        },
        {
            "duration": 1.0,
            "goals": {
                "HeadPan": 0.0,
                "HeadTilt": 0.0,
                "LAnklePitch": -25.850701706506673,
                "LAnkleRoll": 3.579863153426792,
                "LElbow": -58.00000000000001,
                "LHipPitch": 27.113534608980995,
                "LHipRoll": 3.5219474542654146,
                "LHipYaw": -0.6417206866754275,
                "LKnee": 57.63156282496905,
                "LShoulderPitch": -166.0,
                "LShoulderRoll": -37.0,
                "RAnklePitch": 25.85125887645997,
                "RAnkleRoll": -3.5800332870267404,
                "RElbow": 74.0,
                "RHipPitch": -27.11437498138635,
                "RHipRoll": -3.5219753606223687,
                "RHipYaw": 0.641732775157822,
                "RKnee": -57.63268422169942,
                "RShoulderPitch": 175.0,
                "RShoulderRoll": 0.0
            },
            "name": "new frameddd",
            "pause": 0.5
        },
        {
            "duration": 0.5,
            "goals": {
                "HeadPan": 0.0,
                "HeadTilt": 0.0,
                "LAnklePitch": -25.850701706506673,
                "LAnkleRoll": 3.579863153426792,
                "LElbow": -54.0,
                "LHipPitch": 27.113534608980995,
                "LHipRoll": 3.5219474542654146,
                "LHipYaw": -0.6417206866754275,
                "LKnee": 57.63156282496905,
                "LShoulderPitch": -165.0,
                "LShoulderRoll": 0.0,
                "RAnklePitch": 25.85125887645997,
                "RAnkleRoll": -3.5800332870267404,
                "RElbow": 71.0,
                "RHipPitch": -27.11437498138635,
                "RHipRoll": -3.5219753606223687,
                "RHipYaw": 0.641732775157822,
                "RKnee": -57.63268422169942,
                "RShoulderPitch": 174.0,
                "RShoulderRoll": 23.0
            },
            "name": "new framedddd",
            "pause": 0.5
        },
        {
            "duration": 0.5,
            "goals": {
                "HeadPan": 0.0,
                "HeadTilt": 0.0,
                "LAnklePitch": -25.850701706506673,
                "LAnkleRoll": 3.579863153426792,
                "LElbow": -54.0,
                "LHipPitch": 27.113534608980995,
                "LHipRoll": 3.5219474542654146,
                "LHipYaw": -0.6417206866754275,
                "LKnee": 57.63156282496905,
                "LShoulderPitch": -165.0,
                "LShoulderRoll": 0.0,
                "RAnklePitch": 25.85125887645997,
                "RAnkleRoll": -3.5800332870267404,
                "RElbow": 71.0,
                "RHipPitch": -27.11437498138635,
                "RHipRoll": -3.5219753606223687,
                "RHipYaw": 0.641732775157822,
                "RKnee": -57.63268422169942,
                "RShoulderPitch": 174.0,
                "RShoulderRoll": 23.0
            },
            "name": "new framedddddd",
            "pause": 0.5
        },
        {
            "duration": 1.0,
            "goals": {
                "HeadPan": 0.0,
                "HeadTilt": 0.0,
                "LAnklePitch": -31.860000000000003,
                "LAnkleRoll": 5.84,
                "LElbow": 35.86,
                "LHipPitch": 27.11,
                "LHipRoll": 5.84,
                "LHipYaw": -0.0,
                "LKnee": 63.78,
                "LShoulderPitch": 75.28,
                "LShoulderRoll": -0.02,
                "RAnklePitch": 31.970000000000002,
                "RAnkleRoll": -6.8500000000000005,
                "RElbow": -36.1,
                "RHipPitch": -27.11,
                "RHipRoll": -5.56,
                "RHipYaw": 0.0,
                "RKnee": -63.81,
                "RShoulderPitch": -75.59,
                "RShoulderRoll": 0.02
            },
            "name": "walkready",
            "pause": 0.5
        }
    ],
    "last_edited": "2024-03-13 21:02:47.391643",
    "name": "cheering",
    "version": "0"
}
